NdUnfilled_min_value,MendeleevNumber_arithmetic_average,MendeleevNumber_composition_average,MeltingT_difference,BCCvolume_padiff_difference,NdUnfilled_arithmetic_average,BCCmagmom_min_value,ElasticModulus_difference,HHIr_min_value,MiracleRadius_composition_average,MendeleevNumber_max_value,GSenergy_pa_min_value,IonicRadii_composition_average,AtomicVolume_difference,MiracleRadius_min_value,valence_max_value,NdUnfilled_composition_average,GSenergy_pa_max_value,BCCenergy_pa_max_value,MiracleRadius_arithmetic_average,HeatVaporization_max_value,BCCvolume_pa_arithmetic_average,ThermalExpansionCoefficient_difference,CovalentRadius_difference,AtomicRadii_composition_average
0.0,65.0,65.0,0.0,0.0,0.0,0.0,0.0,1400.0,144.0,65.0,-2.76539356,1.15,0.0,144.0,2.0,0.0,-2.76539356,-2.71997917,144.0,250.63,16.2,0.0,0.0,1.444
3.0,61.5,61.5,533.0699999999999,0.0,1.5,1.6840372,128.0,1400.0,134.5,65.0,-2.76539356,0.8999999999999999,6.0797872667776005,125.0,3.0,1.5,-2.76539356,-2.71997917,134.5,373.3,13.32,5.899999999999999,19.0,1.3485
5.0,57.0,57.0,945.07,0.0,2.5,0.0,179.0,1400.0,137.0,65.0,-2.76539356,0.885,4.9827104759972,130.0,6.0,2.5,-2.76539356,-2.71997917,137.0,339.5,13.685,13.999999999999998,6.0,1.3465
0.0,64.5,64.5,122.83999999999992,0.0,0.0,0.0,44.0,1400.0,135.0,65.0,-2.76539356,0.94,5.245706017990901,126.0,2.0,0.0,-2.76539356,-2.71997917,135.0,300.5,13.64,2.3999999999999986,13.0,1.361
4.0,60.0,60.0,576.0699999999999,0.0,2.0,2.1106628,131.0,1400.0,134.5,65.0,-2.76539356,0.85,5.298282980348501,125.0,6.0,2.0,-2.76539356,-2.71997917,134.5,349.5,13.465,7.099999999999998,13.0,1.3425
5.0,58.5,58.5,284.06999999999994,0.0,2.5,0.8185729,118.0,1400.0,138.0,65.0,-2.76539356,0.91,4.8629434842923,132.0,7.0,2.5,-2.76539356,-2.71997917,138.0,250.63,13.355,2.8000000000000007,6.0,1.342
2.0,63.0,63.0,493.07,0.0,1.0,0.0645672,128.0,1400.0,135.0,65.0,-2.76539356,0.92,6.1343635081857,126.0,3.0,1.0,-2.76539356,-2.71997917,135.0,377.5,13.265,5.499999999999998,21.0,1.345
9.0,38.0,38.0,579.0699999999999,0.0,4.5,0.0,0.0,1400.0,153.0,65.0,-2.76539356,0.95,7.933662968700798,144.0,3.0,4.5,-2.76539356,-2.71997917,153.0,304.8,19.2,8.899999999999999,25.0,1.525
8.0,54.0,54.0,706.0699999999999,0.0,4.0,0.0,30.0,1400.0,143.0,65.0,-2.76539356,0.8799999999999999,0.5606692089153,142.0,4.0,4.0,-2.76539356,-2.71997917,143.0,425.2,16.52,10.3,15.0,1.446
7.0,55.5,55.5,948.07,0.0,3.5,0.0,49.0,1400.0,139.0,65.0,-2.76539356,0.845,3.2307497289106006,134.0,5.0,3.5,-2.76539356,-2.71997917,139.0,446.7,14.605,10.499999999999998,8.0,1.3824999999999998
0.0,67.0,67.0,542.2500000000001,0.0,0.0,0.0,15.0,1400.0,142.0,69.0,-2.76539356,0.945,1.8699642150883005,140.0,2.0,0.0,-2.76539356,-2.71997917,142.0,250.63,15.18,11.3,23.0,1.388
0.0,73.0,73.0,0.0,0.0,0.0,0.0,0.0,1000.0,141.0,73.0,-3.74542312,0.54,0.0,141.0,3.0,0.0,-3.74542312,-3.65018713,141.0,290.8,16.92,0.0,0.0,1.43
0.0,69.0,69.0,301.46000000000004,0.5700000000000001,0.0,0.0,9.5,1000.0,142.5,73.0,-3.74542312,0.845,0.4812234323809008,141.0,3.0,0.0,-3.74542312,-3.65018713,142.5,290.8,16.560000000000002,4.200000000000003,24.0,1.4369999999999998
0.0,78.5,78.5,156.52999999999997,3.605,0.0,0.0,31.5,1000.0,128.0,84.0,-3.74542312,0.56,5.1295412196680985,115.0,5.0,0.0,-3.74542312,-3.65018713,128.0,290.8,17.965000000000003,7.700000000000001,2.0,1.41
0.0,69.5,69.5,403.8599999999999,0.41,0.0,0.0,7.799999999999997,1000.0,142.0,73.0,-3.74542312,0.6950000000000001,0.3526390989705987,141.0,3.0,0.0,-3.74542312,-3.65018713,142.0,324.43,16.825000000000003,8.900000000000002,15.0,1.436
0.0,79.5,79.5,389.0700000000001,3.48,0.0,0.0,36.5,1000.0,151.5,86.0,-3.74542312,0.785,18.8890345646965,141.0,5.0,0.0,-3.74542312,-3.65018713,151.5,290.8,23.415,9.7,27.0,1.565
0.0,40.0,40.0,181.53,1.39,0.0,0.0,49.5,1000.0,171.0,73.0,-3.74542312,0.77,26.3427627849617,141.0,3.0,0.0,-3.74542312,-3.65018713,171.0,290.8,26.87,0.8000000000000007,55.0,1.7
0.0,71.5,71.5,339.25,0.285,0.0,0.0,8.5,1000.0,149.0,73.0,-3.74542312,0.745,4.985600938285099,141.0,3.0,0.0,-3.74542312,-3.65018713,149.0,290.8,18.285,7.699999999999999,23.0,1.4595
9.0,44.0,44.0,137.52999999999997,0.81,4.5,0.0,40.5,1000.0,161.5,73.0,-3.74542312,0.84,18.190076960824,141.0,4.0,4.5,-3.74542312,-3.65018713,161.5,313.8,26.895,17.900000000000002,83.0,1.6275
3.0,65.5,65.5,834.53,0.245,1.5,1.6840372,137.5,1000.0,133.0,73.0,-3.74542312,0.595,5.5985638343967,125.0,3.0,1.5,-3.74542312,-3.65018713,133.0,373.3,13.68,10.1,5.0,1.3415
5.0,61.0,61.0,1246.53,0.46,2.5,0.0,188.5,1000.0,135.5,73.0,-3.74542312,0.5800000000000001,4.501487043616299,130.0,6.0,2.5,-3.74542312,-3.65018713,135.5,339.5,14.045000000000002,18.200000000000003,18.0,1.3395
0.0,68.5,68.5,424.3,0.43,0.0,0.0,53.5,1000.0,133.5,73.0,-3.74542312,0.635,4.764482585610001,126.0,3.0,0.0,-3.74542312,-3.65018713,133.5,300.5,14.0,6.600000000000001,11.0,1.354
0.0,54.0,54.0,836.53,0.345,0.0,0.0,2.5,1000.0,158.0,73.0,-3.74542312,0.77,14.0416438495035,141.0,3.0,0.0,-3.74542312,-3.65018713,158.0,292.88,23.8,13.7,68.0,1.5935
4.0,64.0,64.0,877.53,0.44,2.0,2.1106628,140.5,1000.0,133.0,73.0,-3.74542312,0.545,4.817059547967601,125.0,6.0,2.0,-3.74542312,-3.65018713,133.0,349.5,13.825,11.3,11.0,1.3355
0.0,73.5,73.5,630.56,1.3575,0.0,0.0,59.5,1000.0,137.5,74.0,-3.74542312,0.5800000000000001,3.0160889655725,134.0,3.0,0.0,-3.74542312,-3.65018713,137.5,290.8,17.43,3.400000000000002,1.0,1.42
0.0,76.0,76.0,277.93000000000006,4.625,0.0,0.0,44.5,1000.0,127.5,79.0,-3.74542312,0.535,6.066551864848702,114.0,4.0,0.0,-3.74542312,-3.65018713,127.5,334.3,17.87,17.400000000000002,1.0,1.4
8.0,59.0,59.0,1572.53,0.77,4.0,0.0,68.5,1000.0,149.5,73.0,-3.74542312,0.685,5.674286676930901,141.0,4.0,4.0,-3.74542312,-3.65018713,149.5,661.07,19.395000000000003,17.200000000000003,54.0,1.497
0.0,72.0,72.0,699.1500000000001,3.347586207,0.0,0.0,48.5,1000.0,146.5,73.0,-3.74542312,0.78,8.0173175521203,141.0,3.0,0.0,-3.74542312,-3.65018713,146.5,290.8,19.625,25.9,11.0,1.515
0.0,74.0,74.0,503.72,0.27,0.0,0.0,56.5,1000.0,148.0,75.0,-3.74542312,0.67,9.4882336428788,141.0,3.0,0.0,-3.74542312,-3.65018713,148.0,290.8,20.675,9.0,21.0,1.545
3.0,66.5,66.5,1805.53,0.02,1.5,0.4830855,462.5,1000.0,138.5,73.0,-3.74542312,0.585,2.445874048897199,136.0,3.0,1.5,-3.74542312,-3.65018713,138.5,563.58,15.775000000000002,16.700000000000003,20.0,1.3935
9.0,43.0,43.0,259.53,0.1325,4.5,0.0008051,20.5,1000.0,164.0,73.0,-3.74542312,0.85,20.9362216012932,141.0,3.0,4.5,-3.74542312,-3.65018713,164.0,399.57,27.195,17.900000000000002,86.0,1.6535
0.0,70.5,70.5,10.470000000000027,0.45,0.0,0.0,26.1,500.0,150.5,73.0,-3.74542312,0.63,6.6278685781168,141.0,3.0,0.0,-3.74542312,-3.65018713,150.5,290.8,19.9,1.6999999999999993,20.0,1.515
5.0,62.5,62.5,585.53,0.417586207,2.5,0.8185729,127.5,1000.0,136.5,73.0,-3.74542312,0.605,4.381720051911399,132.0,7.0,2.5,-3.74542312,-3.65018713,136.5,290.8,13.715,1.400000000000002,18.0,1.335
5.0,61.5,61.5,1962.53,0.44,2.5,0.0,251.5,1000.0,140.0,73.0,-3.74542312,0.565,1.093543829707599,139.0,6.0,2.5,-3.74542312,-3.65018713,140.0,590.4,16.305,18.3,33.0,1.396
0.0,37.5,37.5,562.6,0.473333333,0.0,0.0,65.5,500.0,160.5,73.0,-3.74542312,0.78,22.8439043647428,141.0,3.0,0.0,-3.74542312,-3.65018713,160.5,290.8,23.065,47.9,45.0,1.665
6.0,60.0,60.0,1816.53,0.44,3.0,0.0,33.5,1000.0,142.0,73.0,-3.74542312,0.5900000000000001,1.4077084628069017,141.0,5.0,3.0,-3.74542312,-3.65018713,142.0,690.1,17.55,15.8,43.0,1.4295
0.0,46.0,46.0,360.53,0.28,0.0,0.0,32.5,1000.0,161.5,73.0,-3.74542312,0.915,17.574630364944397,141.0,3.0,0.0,-3.74542312,-3.65018713,161.5,290.8,25.945,16.200000000000003,80.0,1.6255
2.0,67.0,67.0,794.53,0.43,1.0,0.0645672,137.5,1000.0,133.5,73.0,-3.74542312,0.615,5.653140075804799,126.0,3.0,1.0,-3.74542312,-3.65018713,133.5,377.5,13.625,9.7,3.0,1.338
4.0,65.0,65.0,2372.53,0.0499999999999999,2.0,0.0,479.5,1000.0,138.0,73.0,-3.74542312,0.585,2.6107268494198994,135.0,8.0,2.0,-3.74542312,-3.65018713,138.0,627.6,15.75,18.0,23.0,1.385
0.0,78.0,78.0,616.1700000000001,8.850238095,0.0,0.0,65.5,1000.0,121.5,83.0,-3.74542312,0.355,11.6196972991313,102.0,5.0,0.0,-3.74542312,-3.65018713,121.5,290.8,15.54,103.9,14.0,1.355
0.0,77.0,77.0,332.86,0.63,0.0,0.0,50.5,1000.0,157.5,81.0,-3.74542312,0.865,13.746998495229398,141.0,4.0,0.0,-3.74542312,-3.65018713,157.5,290.8,22.42,5.699999999999999,25.0,1.59
0.0,67.5,67.5,894.5799999999999,0.38,0.0,0.0,56.5,1000.0,141.5,73.0,-3.74542312,0.5900000000000001,1.8960382489461995,141.0,4.0,0.0,-3.74542312,-3.65018713,141.5,393.3,15.695,11.3,18.0,1.4025
1.0,68.0,68.0,1107.93,0.39,0.5,0.0,104.5,1000.0,140.0,73.0,-3.74542312,0.585,1.2339610107756993,139.0,4.0,0.5,-3.74542312,-3.65018713,140.0,510.45,15.995,14.3,15.0,1.4049999999999998
5.0,63.5,63.5,2525.53,0.295,2.5,0.0,390.5,1000.0,139.0,73.0,-3.74542312,0.535,1.8840902878964003,137.0,7.0,2.5,-3.74542312,-3.65018713,139.0,707.1,15.86,16.900000000000002,30.0,1.4
2.0,66.0,66.0,1303.53,0.14,1.0,0.3703569,259.5,1000.0,136.5,73.0,-3.74542312,0.605,2.8689147067624,132.0,6.0,1.0,-3.74542312,-3.65018713,136.5,495.39,15.43,14.900000000000002,21.0,1.3875
3.0,64.5,64.5,1673.53,0.0399999999999999,1.5,5.73e-05,359.5,1000.0,137.5,73.0,-3.74542312,0.5800000000000001,3.0265501082098005,134.0,8.0,1.5,-3.74542312,-3.65018713,137.5,567.77,15.415,16.700000000000003,25.0,1.3775
0.0,80.5,80.5,545.11,10.606875,0.0,0.0,51.5,1000.0,122.0,88.0,-3.74542312,0.415,10.5721212771613,103.0,6.0,0.0,-3.74542312,-3.65018713,122.0,290.8,16.27,46.9,16.0,1.35
0.0,79.0,79.0,29.69000000000005,4.91,0.0,0.0,3.5,1000.0,148.0,85.0,-3.74542312,0.65,13.596998926279198,141.0,5.0,0.0,-3.74542312,-3.65018713,148.0,290.8,22.005000000000003,12.1,18.0,1.51
9.0,42.0,42.0,880.53,0.475,4.5,0.0,9.5,1000.0,151.5,73.0,-3.74542312,0.645,8.414886401081699,141.0,3.0,4.5,-3.74542312,-3.65018713,151.5,304.8,19.56,13.1,49.0,1.518
0.0,81.0,81.0,439.47,6.19,0.0,0.0,50.5,1000.0,129.5,89.0,-3.74542312,0.52,10.6143801083177,118.0,6.0,0.0,-3.74542312,-3.65018713,129.5,290.8,18.545,21.9,1.0,1.415
0.0,75.5,75.5,753.53,6.2700000000000005,0.0,0.0,91.5,1000.0,125.5,78.0,-3.74542312,0.4,3.421953199102901,110.0,4.0,0.0,-3.74542312,-3.65018713,125.5,359.0,15.765,20.5,10.0,1.375
0.0,76.5,76.5,428.39,8.495,0.0,0.0,20.5,1000.0,148.0,80.0,-3.74542312,0.625,10.3723607445547,141.0,4.0,0.0,-3.74542312,-3.65018713,148.0,290.8,21.075000000000003,1.1000000000000014,18.0,1.525
7.0,60.5,60.5,2356.53,0.44,3.5,0.0,112.5,1000.0,143.0,73.0,-3.74542312,0.5900000000000001,1.4523050416739984,141.0,5.0,3.5,-3.74542312,-3.65018713,143.0,737.0,17.520000000000003,16.8,49.0,1.43
5.0,63.0,63.0,1496.53,0.285,2.5,0.0,309.5,1000.0,138.5,73.0,-3.74542312,0.55,2.4434130089832,136.0,7.0,2.5,-3.74542312,-3.65018713,138.5,502.0,15.68,15.1,26.0,1.394
0.0,81.5,81.5,210.8100000000001,6.903333333,0.0,0.0,30.5,1000.0,140.5,90.0,-3.74542312,0.755,17.3622642050373,140.0,6.0,0.0,-3.74542312,-3.65018713,140.5,290.8,22.61,4.300000000000001,17.0,1.515
8.0,58.0,58.0,1007.53,0.29,4.0,0.0,39.5,1000.0,141.5,73.0,-3.74542312,0.575,1.0418926412962008,141.0,4.0,4.0,-3.74542312,-3.65018713,141.5,425.2,16.880000000000003,14.500000000000002,39.0,1.439
0.0,74.5,74.5,356.47,1.1,0.0,0.0,58.5,1000.0,156.5,76.0,-3.74542312,1.065,12.0464520433983,141.0,3.0,0.0,-3.74542312,-3.65018713,156.5,290.8,21.585,6.799999999999997,24.0,1.5699999999999998
7.0,59.5,59.5,1249.53,0.44,3.5,0.0,58.5,1000.0,137.5,73.0,-3.74542312,0.54,2.7495262965297,134.0,5.0,3.5,-3.74542312,-3.65018713,137.5,446.7,14.965,14.7,32.0,1.3755
6.0,62.0,62.0,2761.53,0.44,3.0,0.0,330.5,1000.0,138.0,73.0,-3.74542312,0.5700000000000001,0.7356900935147994,135.0,6.0,3.0,-3.74542312,-3.65018713,138.0,422.58,16.485,18.6,41.0,1.4
9.0,42.5,42.5,865.53,0.275,4.5,0.0,6.099999999999994,1000.0,160.0,73.0,-3.74542312,0.78,16.418788365009704,141.0,3.0,4.5,-3.74542312,-3.65018713,160.0,393.3,24.725,11.8,69.0,1.62
0.0,71.0,71.0,240.79000000000008,0.24,0.0,0.0,24.5,1000.0,140.5,73.0,-3.74542312,0.64,1.3887407827073996,140.0,3.0,0.0,-3.74542312,-3.65018713,140.5,290.8,15.54,7.099999999999998,1.0,1.381
8.0,58.5,58.5,1194.53,0.885,4.0,0.0,23.5,1000.0,149.5,73.0,-3.74542312,0.69,6.6715187516816,141.0,4.0,4.0,-3.74542312,-3.65018713,149.5,590.5,19.835,17.400000000000002,54.0,1.515
0.0,66.0,66.0,0.0,0.0,0.0,0.0,0.0,1000.0,143.0,66.0,-3.20969261,0.85,0.0,143.0,3.0,0.0,-3.20969261,-3.18445282,143.0,324.43,16.73,0.0,0.0,1.442
0.0,65.5,65.5,102.39999999999986,0.16,0.0,0.0,1.7000000000000028,1000.0,143.5,66.0,-3.20969261,1.0,0.128584333410302,143.0,3.0,0.0,-3.20969261,-3.18445282,143.5,324.43,16.465,4.699999999999999,9.0,1.443
0.0,68.0,68.0,743.1099999999999,0.125,0.0,0.0,16.299999999999997,1000.0,150.0,70.0,-3.20969261,0.8999999999999999,4.6329618393145005,143.0,3.0,0.0,-3.20969261,-3.18445282,150.0,324.43,18.19,16.6,8.0,1.4655
5.0,58.0,58.0,1558.67,0.03,2.5,0.0,243.7,1000.0,141.0,66.0,-3.20969261,0.72,1.4461829286781978,139.0,6.0,2.5,-3.20969261,-3.18445282,141.0,590.4,16.21,9.4,18.0,1.402
6.0,56.5,56.5,1412.67,0.03,3.0,0.0,25.700000000000003,1000.0,143.0,66.0,-3.20969261,0.745,1.055069363836303,143.0,5.0,3.0,-3.20969261,-3.18445282,143.0,690.1,17.455,6.9,28.0,1.4355
0.0,64.0,64.0,490.72,0.03,0.0,0.0,48.7,1000.0,142.5,66.0,-3.20969261,0.745,2.2486773479167983,142.0,4.0,0.0,-3.20969261,-3.18445282,142.5,393.3,15.6,2.3999999999999986,3.0,1.4085
2.0,62.5,62.5,899.6700000000001,0.27,1.0,0.3703569,251.7,1000.0,137.5,66.0,-3.20969261,0.76,3.2215538057329987,132.0,6.0,1.0,-3.20969261,-3.18445282,137.5,495.39,15.335,6.0,6.0,1.3935
3.0,61.0,61.0,1269.67,0.37,1.5,5.73e-05,351.7,1000.0,138.5,66.0,-3.20969261,0.735,3.3791892071803997,134.0,8.0,1.5,-3.20969261,-3.18445282,138.5,567.77,15.32,7.799999999999999,10.0,1.3835
5.0,59.5,59.5,1092.67,0.125,2.5,0.0,301.7,1000.0,139.5,66.0,-3.20969261,0.7050000000000001,2.7960521079537983,136.0,7.0,2.5,-3.20969261,-3.18445282,139.5,502.0,15.585,6.199999999999999,11.0,1.4
9.0,39.0,39.0,461.6700000000001,0.135,4.5,0.0,13.899999999999991,1000.0,161.0,66.0,-3.20969261,0.935,16.066149266039105,143.0,3.0,4.5,-3.20969261,-3.18445282,161.0,393.3,24.630000000000003,2.8999999999999986,54.0,1.626
8.0,55.0,55.0,790.6700000000001,0.475,4.0,0.0,15.700000000000005,1000.0,150.5,66.0,-3.20969261,0.845,6.318879652711001,143.0,4.0,4.0,-3.20969261,-3.18445282,150.5,590.5,19.74,8.5,39.0,1.521
0.0,7.0,7.0,0.0,0.0,0.0,0.0,0.0,1500.0,201.0,7.0,-1.948329565,1.0,0.0,201.0,2.0,0.0,-1.948329565,-1.92725921,201.0,154.67,36.82,0.0,0.0,1.97
0.0,36.0,36.0,119.93000000000006,0.0,0.0,0.0,59.0,1400.0,172.5,65.0,-1.948329565,1.075,25.8615393525808,144.0,2.0,0.0,-1.948329565,-1.92725921,172.5,250.63,26.51,3.400000000000002,31.0,1.707
0.0,38.5,38.5,520.78,0.0,0.0,0.0,41.0,1300.0,179.0,70.0,-1.948329565,0.975,21.3571618466766,157.0,2.0,0.0,-1.948329565,-1.92725921,179.0,154.67,28.235,8.5,32.0,1.7295
6.0,27.0,27.0,1635.0,0.0,3.0,0.0,83.0,1500.0,172.0,47.0,-1.948329565,0.8200000000000001,24.9350543221548,143.0,5.0,3.0,-1.948329565,-1.92725921,172.0,690.1,27.5,15.0,12.0,1.6995
9.0,9.5,9.5,684.0,0.0,4.5,0.0,43.400000000000006,1500.0,190.0,12.0,-1.948329565,1.01,9.923974419951996,179.0,3.0,4.5,-1.948329565,-1.92725921,190.0,393.3,34.675,11.0,14.0,1.89
8.0,25.5,25.5,1013.0,0.0,4.0,0.0,73.0,1500.0,179.5,44.0,-1.948329565,0.92,19.6712440332801,158.0,4.0,4.0,-1.948329565,-1.92725921,179.5,590.5,29.785,16.6,1.0,1.785
0.0,64.0,64.0,0.0,0.0,0.0,0.0,0.0,1500.0,126.0,64.0,-3.68065482,0.73,0.0,126.0,2.0,0.0,-3.68065482,-3.64288728,126.0,300.5,11.08,0.0,0.0,1.278
0.0,64.5,64.5,122.83999999999992,0.14,0.0,0.0,44.0,1400.0,135.0,65.0,-3.68065482,0.94,5.245706017990901,126.0,2.0,0.0,-3.68065482,-3.64288728,135.0,300.5,13.64,2.3999999999999986,13.0,1.361
0.0,68.5,68.5,424.3,0.43,0.0,0.0,53.5,1000.0,133.5,73.0,-3.68065482,0.635,4.764482585610001,126.0,3.0,0.0,-3.68065482,-3.64288728,133.5,300.5,14.0,6.600000000000001,11.0,1.354
0.0,65.0,65.0,20.44000000000005,0.0199999999999999,0.0,0.0,45.7,1000.0,134.5,66.0,-3.68065482,0.79,5.117121684580599,126.0,3.0,0.0,-3.68065482,-3.64288728,134.5,324.43,13.905,2.3000000000000007,4.0,1.36
0.0,75.0,75.0,813.37,3.05,0.0,0.0,90.0,1500.0,144.0,86.0,-3.68065482,0.88,23.653517150306502,126.0,5.0,0.0,-3.68065482,-3.64288728,144.0,300.5,20.495,3.1,16.0,1.489
0.0,67.0,67.0,763.55,0.145,0.0,0.0,62.0,1300.0,141.5,70.0,-3.68065482,0.84,9.7500835238951,126.0,2.0,0.0,-3.68065482,-3.64288728,141.5,300.5,15.364999999999998,14.3,12.0,1.3835000000000002
3.0,61.0,61.0,410.23,0.185,1.5,1.6840372,84.0,1500.0,125.5,64.0,-3.68065482,0.69,0.8340812487866991,125.0,3.0,1.5,-3.68065482,-3.64288728,125.5,373.3,10.76,3.5,6.0,1.2654999999999998
5.0,56.5,56.5,822.23,0.03,2.5,0.0,135.0,1500.0,128.0,64.0,-3.68065482,0.675,0.2629955419937015,126.0,6.0,2.5,-3.68065482,-3.64288728,128.0,339.5,11.125,11.6,7.0,1.2635
4.0,59.5,59.5,453.23,0.01,2.0,2.1106628,87.0,1400.0,125.5,64.0,-3.68065482,0.64,0.0525769623576,125.0,6.0,2.0,-3.68065482,-3.64288728,125.5,349.5,10.905,4.699999999999999,0.0,1.2595
0.0,69.0,69.0,1054.86,0.9275,0.0,0.0,113.0,1500.0,130.0,74.0,-3.68065482,0.675,7.780571551182501,126.0,3.0,0.0,-3.68065482,-3.64288728,130.0,300.5,14.510000000000002,3.1999999999999997,10.0,1.344
0.0,71.5,71.5,146.3699999999999,4.194999999999999,0.0,0.0,9.0,1500.0,120.0,79.0,-3.68065482,0.63,10.831034450458702,114.0,4.0,0.0,-3.68065482,-3.64288728,120.0,334.3,14.95,10.8,12.0,1.324
8.0,54.5,54.5,1148.23,0.34,4.0,0.0,15.0,1500.0,142.0,64.0,-3.68065482,0.78,10.438769262540902,126.0,4.0,4.0,-3.68065482,-3.64288728,142.0,661.07,16.475,10.6,43.0,1.421
0.0,67.5,67.5,1123.45,2.917586207,0.0,0.0,102.0,1500.0,139.0,71.0,-3.68065482,0.875,12.7818001377303,126.0,2.0,0.0,-3.68065482,-3.64288728,139.0,300.5,16.705,32.5,0.0,1.439
0.0,69.5,69.5,928.02,0.16,0.0,0.0,110.0,1500.0,140.5,75.0,-3.68065482,0.765,14.2527162284888,126.0,3.0,0.0,-3.68065482,-3.64288728,140.5,300.5,17.755,15.6,10.0,1.469
3.0,62.0,62.0,1381.23,0.41,1.5,0.4830855,409.0,1500.0,131.0,64.0,-3.68065482,0.6799999999999999,2.318608536712801,126.0,3.0,1.5,-3.68065482,-3.64288728,131.0,563.58,12.855,10.1,9.0,1.3175
0.0,66.0,66.0,434.77,0.02,0.0,0.0,79.6,500.0,143.0,68.0,-3.68065482,0.725,11.3923511637268,126.0,2.0,0.0,-3.68065482,-3.64288728,143.0,300.5,16.98,8.3,9.0,1.439
5.0,58.0,58.0,161.23000000000002,0.012413793,2.5,0.8185729,74.0,1500.0,129.0,64.0,-3.68065482,0.7,0.3827625336986013,126.0,7.0,2.5,-3.68065482,-3.64288728,129.0,300.5,10.795,5.199999999999999,7.0,1.259
5.0,57.0,57.0,1538.23,0.01,2.5,0.0,198.0,1500.0,132.5,64.0,-3.68065482,0.6599999999999999,3.6709387559024016,126.0,6.0,2.5,-3.68065482,-3.64288728,132.5,590.4,13.385,11.7,22.0,1.32
6.0,55.5,55.5,1392.23,0.01,3.0,0.0,20.0,1500.0,134.5,64.0,-3.68065482,0.685,6.172191048416902,126.0,5.0,3.0,-3.68065482,-3.64288728,134.5,690.1,14.63,9.2,32.0,1.3535
2.0,62.5,62.5,370.23,0.0,1.0,0.0645672,84.0,1500.0,126.0,64.0,-3.68065482,0.71,0.8886574901947988,126.0,3.0,1.0,-3.68065482,-3.64288728,126.0,377.5,10.705,3.1,8.0,1.262
4.0,60.5,60.5,1948.23,0.48,2.0,0.0,426.0,1500.0,130.5,64.0,-3.68065482,0.6799999999999999,2.153755736190101,126.0,8.0,2.0,-3.68065482,-3.64288728,130.5,627.6,12.83,11.4,12.0,1.3090000000000002
0.0,72.5,72.5,757.16,0.2,0.0,0.0,104.0,1500.0,150.0,81.0,-3.68065482,0.96,18.5114810808394,126.0,4.0,0.0,-3.68065482,-3.64288728,150.0,300.5,19.5,12.3,14.0,1.514
0.0,63.0,63.0,470.28,0.0499999999999999,0.0,0.0,3.0,1500.0,134.0,64.0,-3.68065482,0.685,2.868444336663801,126.0,4.0,0.0,-3.68065482,-3.64288728,134.0,393.3,12.775,4.699999999999999,7.0,1.3265
1.0,63.5,63.5,683.6300000000001,0.04,0.5,0.0,51.0,1500.0,132.5,64.0,-3.68065482,0.6799999999999999,3.5305215748343013,126.0,4.0,0.5,-3.68065482,-3.64288728,132.5,510.45,13.075,7.699999999999999,4.0,1.329
5.0,59.0,59.0,2101.23,0.1349999999999999,2.5,0.0,337.0,1500.0,131.5,64.0,-3.68065482,0.63,2.8803922977136,126.0,7.0,2.5,-3.68065482,-3.64288728,131.5,707.1,12.94,10.3,19.0,1.324
2.0,61.5,61.5,879.23,0.29,1.0,0.3703569,206.0,1500.0,129.0,64.0,-3.68065482,0.7,1.8955678788476007,126.0,6.0,1.0,-3.68065482,-3.64288728,129.0,495.39,12.51,8.3,10.0,1.3115
3.0,60.0,60.0,1249.23,0.39,1.5,5.73e-05,306.0,1500.0,130.0,64.0,-3.68065482,0.675,1.7379324774002,126.0,8.0,1.5,-3.68065482,-3.64288728,130.0,567.77,12.495,10.1,14.0,1.3015
0.0,76.0,76.0,969.41,10.176875,0.0,0.0,105.0,1000.0,114.5,88.0,-3.68065482,0.51,15.336603862771302,103.0,6.0,0.0,-3.68065482,-3.64288728,114.5,300.5,13.35,53.5,27.0,1.274
0.0,74.5,74.5,453.99,4.48,0.0,0.0,57.0,1500.0,140.5,85.0,-3.68065482,0.745,18.3614815118892,126.0,5.0,0.0,-3.68065482,-3.64288728,140.5,300.5,19.085,5.5,7.0,1.4340000000000002
9.0,37.5,37.5,456.23,0.045,4.5,0.0,44.0,1500.0,144.0,64.0,-3.68065482,0.74,13.1793689866917,126.0,3.0,4.5,-3.68065482,-3.64288728,144.0,304.8,16.64,6.5,38.0,1.4420000000000002
0.0,71.0,71.0,329.23,5.84,0.0,0.0,38.0,1000.0,118.0,78.0,-3.68065482,0.495,8.186435784712902,110.0,4.0,0.0,-3.68065482,-3.64288728,118.0,359.0,12.845,13.9,21.0,1.299
0.0,72.0,72.0,852.69,8.065,0.0,0.0,74.0,1500.0,140.5,80.0,-3.68065482,0.72,15.136843330164702,126.0,4.0,0.0,-3.68065482,-3.64288728,140.5,300.5,18.155,5.5,7.0,1.449
7.0,56.0,56.0,1932.23,0.01,3.5,0.0,59.0,1500.0,135.5,64.0,-3.68065482,0.685,6.216787627283999,126.0,5.0,3.5,-3.68065482,-3.64288728,135.5,737.0,14.6,10.2,38.0,1.354
5.0,58.5,58.5,1072.23,0.145,2.5,0.0,256.0,1500.0,131.0,64.0,-3.68065482,0.645,2.321069576626801,126.0,7.0,2.5,-3.68065482,-3.64288728,131.0,502.0,12.76,8.5,15.0,1.318
8.0,53.5,53.5,583.23,0.1399999999999999,4.0,0.0,14.0,1500.0,134.0,64.0,-3.68065482,0.6699999999999999,5.8063752269062014,126.0,4.0,4.0,-3.68065482,-3.64288728,134.0,425.2,13.96,7.9,28.0,1.363
0.0,70.0,70.0,780.77,0.67,0.0,0.0,112.0,1500.0,149.0,76.0,-3.68065482,1.16,16.8109346290083,126.0,3.0,0.0,-3.68065482,-3.64288728,149.0,300.5,18.665,13.4,13.0,1.494
7.0,55.0,55.0,825.23,0.01,3.5,0.0,5.0,1500.0,130.0,64.0,-3.68065482,0.635,2.0149562890803008,126.0,5.0,3.5,-3.68065482,-3.64288728,130.0,446.7,12.045,8.1,21.0,1.2995
6.0,57.5,57.5,2337.23,0.01,3.0,0.0,277.0,1500.0,130.5,64.0,-3.68065482,0.665,4.028792492095201,126.0,6.0,3.0,-3.68065482,-3.64288728,130.5,422.58,13.565,12.0,30.0,1.324
0.0,66.5,66.5,665.09,0.19,0.0,0.0,29.0,1500.0,133.0,69.0,-3.68065482,0.735,3.375741802902601,126.0,2.0,0.0,-3.68065482,-3.64288728,133.0,300.5,12.62,13.7,10.0,1.3050000000000002
8.0,54.0,54.0,770.23,0.455,4.0,0.0,30.0,1500.0,142.0,64.0,-3.68065482,0.7849999999999999,11.4360013372916,126.0,4.0,4.0,-3.68065482,-3.64288728,142.0,590.5,16.915,10.8,43.0,1.439
4.0,55.0,55.0,0.0,0.0,4.0,2.1106628,0.0,1400.0,125.0,55.0,-8.28548436,0.55,0.0,125.0,6.0,4.0,-8.28548436,-8.28548436,125.0,349.5,10.73,0.0,0.0,1.241
0.0,64.0,64.0,877.53,0.0,2.0,0.0,140.5,1000.0,133.0,73.0,-8.28548436,0.545,4.817059547967601,125.0,6.0,2.0,-8.28548436,-8.28548436,133.0,349.5,13.825,11.3,11.0,1.3355
0.0,69.5,69.5,721.0,0.0,2.0,0.0,172.0,1400.0,120.0,84.0,-8.28548436,0.565,9.9466007676357,115.0,6.0,2.0,-8.28548436,-8.28548436,120.0,349.5,14.87,3.6,13.0,1.3155
0.0,70.5,70.5,1266.6,0.0,2.0,0.0,177.0,1400.0,143.5,86.0,-8.28548436,0.79,23.706094112664104,125.0,6.0,2.0,-8.28548436,-8.28548436,143.5,349.5,20.32,1.5999999999999996,16.0,1.4705
3.0,56.5,56.5,43.0,0.0,3.5,1.6840372,3.0,1400.0,125.0,58.0,-8.28548436,0.6000000000000001,0.7815042864290991,125.0,6.0,3.5,-8.28548436,-8.28548436,125.0,373.3,10.585,1.1999999999999993,6.0,1.247
4.0,52.0,52.0,369.0,0.0,4.5,0.0,48.0,1400.0,127.5,55.0,-8.28548436,0.585,0.3155725043513016,125.0,6.0,4.5,-8.28548436,-8.28548436,127.5,349.5,10.95,6.9,7.0,1.245
0.0,64.5,64.5,1508.09,0.0,2.0,0.0,200.0,1400.0,129.5,74.0,-8.28548436,0.585,7.833148513540101,125.0,6.0,2.0,-8.28548436,-8.28548436,129.5,349.5,14.335,7.899999999999999,10.0,1.3255
0.0,67.0,67.0,599.5999999999999,0.0,2.0,0.0,96.0,1400.0,119.5,79.0,-8.28548436,0.54,10.883611412816302,114.0,6.0,2.0,-8.28548436,-8.28548436,119.5,349.5,14.775,6.1000000000000005,12.0,1.3055
3.0,57.5,57.5,928.0,0.0,3.5,0.4830855,322.0,1400.0,130.5,60.0,-8.28548436,0.5900000000000001,2.371185499070401,125.0,6.0,3.5,-8.28548436,-8.28548436,130.5,563.58,12.68,5.4,9.0,1.299
4.0,52.5,52.5,1085.0,0.0,4.5,0.0,111.0,1400.0,132.0,55.0,-8.28548436,0.5700000000000001,3.7235157182600016,125.0,6.0,4.5,-8.28548436,-8.28548436,132.0,590.4,13.21,7.000000000000001,22.0,1.3015
4.0,51.0,51.0,939.0,0.0,5.0,0.0,107.0,1400.0,134.0,55.0,-8.28548436,0.595,6.224768010774502,125.0,6.0,5.0,-8.28548436,-8.28548436,134.0,690.1,14.455,4.500000000000001,32.0,1.335
2.0,58.0,58.0,83.0,0.0,3.0,0.0645672,3.0,1400.0,125.5,61.0,-8.28548436,0.62,0.8360805278371988,125.0,6.0,3.0,-8.28548436,-8.28548436,125.5,377.5,10.53,1.5999999999999996,8.0,1.2435
0.0,69.0,69.0,1493.7,0.0,2.0,0.0,206.0,1400.0,113.5,83.0,-8.28548436,0.36,16.4367568470989,102.0,6.0,2.0,-8.28548436,-8.28548436,113.5,349.5,12.445,115.2,25.0,1.2605
0.0,68.0,68.0,1210.39,0.0,2.0,0.0,191.0,1400.0,149.5,81.0,-8.28548436,0.87,18.564058043197,125.0,6.0,2.0,-8.28548436,-8.28548436,149.5,349.5,19.325000000000003,17.0,14.0,1.4955
2.0,57.0,57.0,426.0,0.0,3.0,0.3703569,119.0,1400.0,128.5,59.0,-8.28548436,0.6100000000000001,1.9481448412052007,125.0,6.0,3.0,-8.28548436,-8.28548436,128.5,495.39,12.335,3.6000000000000014,10.0,1.293
3.0,55.5,55.5,796.0,0.0,3.5,5.73e-05,219.0,1400.0,129.5,56.0,-8.28548436,0.585,1.7905094397578,125.0,8.0,3.5,-8.28548436,-8.28548436,129.5,567.77,12.32,5.4,14.0,1.283
0.0,70.0,70.0,907.22,0.0,2.0,0.0,144.0,1400.0,140.0,85.0,-8.28548436,0.655,18.4140584742468,125.0,6.0,2.0,-8.28548436,-8.28548436,140.0,349.5,18.91,0.8000000000000007,7.0,1.4155000000000002
0.0,66.5,66.5,124.0,0.0,2.0,0.0,49.0,1000.0,117.5,78.0,-8.28548436,0.405,8.239012747070502,110.0,6.0,2.0,-8.28548436,-8.28548436,117.5,359.0,12.67,9.2,21.0,1.2805
0.0,67.5,67.5,1305.92,0.0,2.0,0.0,161.0,1400.0,140.0,80.0,-8.28548436,0.63,15.189420292522302,125.0,6.0,2.0,-8.28548436,-8.28548436,140.0,349.5,17.98,10.2,7.0,1.4305
4.0,54.0,54.0,619.0,0.0,4.5,0.0,169.0,1400.0,130.5,55.0,-8.28548436,0.555,2.373646538984401,125.0,7.0,4.5,-8.28548436,-8.28548436,130.5,502.0,12.585,3.8000000000000007,15.0,1.2995
4.0,49.0,49.0,130.0,0.0,6.0,0.0,101.0,1400.0,133.5,55.0,-8.28548436,0.5800000000000001,5.8589521892638015,125.0,6.0,6.0,-8.28548436,-8.28548436,133.5,425.2,13.785,3.200000000000001,28.0,1.3445
4.0,50.5,50.5,372.0,0.0,5.5,0.0,82.0,1400.0,129.5,55.0,-8.28548436,0.545,2.067533251437901,125.0,6.0,5.5,-8.28548436,-8.28548436,129.5,446.7,11.87,3.4000000000000004,21.0,1.281
4.0,53.0,53.0,1884.0,0.0,5.0,0.0,190.0,1400.0,130.0,55.0,-8.28548436,0.575,4.081369454452801,125.0,6.0,5.0,-8.28548436,-8.28548436,130.0,422.58,13.39,7.300000000000001,30.0,1.3055
0.0,62.0,62.0,1118.3200000000002,0.0,2.0,0.0,116.0,1400.0,132.5,69.0,-8.28548436,0.645,3.428318765260201,125.0,6.0,2.0,-8.28548436,-8.28548436,132.5,349.5,12.445,18.4,10.0,1.2865000000000002
0.0,59.5,59.5,453.23,0.0,2.0,0.0,87.0,1400.0,125.5,64.0,-8.28548436,0.64,0.0525769623576,125.0,6.0,2.0,-8.28548436,-8.28548436,125.5,349.5,10.905,4.699999999999999,0.0,1.2595
4.0,53.5,53.5,292.0,0.0,4.5,0.8185729,13.0,1400.0,128.5,55.0,-8.28548436,0.6100000000000001,0.4353394960562013,125.0,7.0,4.5,-8.28548436,-8.28548436,128.5,349.5,10.62,9.9,7.0,1.2405
0.0,60.0,60.0,576.0699999999999,0.0,2.0,0.0,131.0,1400.0,134.5,65.0,-8.28548436,0.85,5.298282980348501,125.0,6.0,2.0,-8.28548436,-8.28548436,134.5,349.5,13.465,7.099999999999998,13.0,1.3425
0.0,60.5,60.5,473.6700000000001,0.0,2.0,0.0,132.7,1000.0,134.0,66.0,-8.28548436,0.7,5.169698646938199,125.0,6.0,2.0,-8.28548436,-8.28548436,134.0,349.5,13.73,2.3999999999999986,4.0,1.3415
0.0,62.5,62.5,1216.78,0.0,2.0,0.0,149.0,1300.0,141.0,70.0,-8.28548436,0.75,9.8026604862527,125.0,6.0,2.0,-8.28548436,-8.28548436,141.0,349.5,15.19,19.0,12.0,1.3650000000000002
4.0,50.0,50.0,695.0,0.0,6.0,0.0,72.0,1400.0,141.5,55.0,-8.28548436,0.69,10.491346224898502,125.0,6.0,6.0,-8.28548436,-8.28548436,141.5,661.07,16.3,5.9,43.0,1.4025
0.0,63.0,63.0,1576.68,0.0,2.0,0.0,189.0,1400.0,138.5,71.0,-8.28548436,0.785,12.8343771000879,125.0,6.0,2.0,-8.28548436,-8.28548436,138.5,349.5,16.53,37.2,0.0,1.4205
0.0,65.0,65.0,1381.25,0.0,2.0,0.0,197.0,1400.0,140.0,75.0,-8.28548436,0.675,14.3052931908464,125.0,6.0,2.0,-8.28548436,-8.28548436,140.0,349.5,17.58,20.3,10.0,1.4505
4.0,56.0,56.0,1495.0,0.0,4.0,0.0,339.0,1400.0,130.0,57.0,-8.28548436,0.5900000000000001,2.206332698547701,125.0,8.0,4.0,-8.28548436,-8.28548436,130.0,627.6,12.655,6.700000000000001,12.0,1.2905000000000002
0.0,58.5,58.5,17.049999999999955,0.0,2.0,0.0,84.0,1400.0,133.5,62.0,-8.28548436,0.595,2.921021299021401,125.0,6.0,2.0,-8.28548436,-8.28548436,133.5,393.3,12.6,0.0,7.0,1.308
1.0,59.0,59.0,230.4000000000001,0.0,2.5,0.0,36.0,1400.0,132.0,63.0,-8.28548436,0.5900000000000001,3.5830985371919013,125.0,6.0,2.5,-8.28548436,-8.28548436,132.0,510.45,12.9,3.0,4.0,1.3105
4.0,33.0,33.0,3.0,0.0,6.5,0.0,131.0,1400.0,143.5,55.0,-8.28548436,0.65,13.2319459490493,125.0,6.0,6.5,-8.28548436,-8.28548436,143.5,349.5,16.465,1.8000000000000007,38.0,1.4235000000000002
4.0,51.5,51.5,1479.0,0.0,5.5,0.0,28.0,1400.0,135.0,55.0,-8.28548436,0.595,6.269364589641599,125.0,6.0,5.5,-8.28548436,-8.28548436,135.0,737.0,14.425,5.500000000000001,38.0,1.3355
0.0,65.5,65.5,1234.0,0.0,2.0,0.0,199.0,1400.0,148.5,76.0,-8.28548436,1.07,16.8635115913659,125.0,6.0,2.0,-8.28548436,-8.28548436,148.5,349.5,18.49,18.1,13.0,1.4755
4.0,49.5,49.5,317.0,0.0,6.0,0.0,117.0,1400.0,141.5,55.0,-8.28548436,0.6950000000000001,11.4885782996492,125.0,6.0,6.0,-8.28548436,-8.28548436,141.5,590.5,16.740000000000002,6.1000000000000005,43.0,1.4205
4.0,54.5,54.5,1648.0,0.0,4.5,0.0,250.0,1400.0,131.0,55.0,-8.28548436,0.54,2.9329692600712,125.0,7.0,4.5,-8.28548436,-8.28548436,131.0,707.1,12.765,5.6000000000000005,19.0,1.3055
3.0,60.0,60.0,0.0,0.0,3.0,0.4830855,0.0,9100.0,136.0,60.0,-8.84851145,0.63,0.0,136.0,3.0,3.0,-8.84851145,-8.22715557,136.0,563.58,14.63,0.0,0.0,1.357
0.0,62.5,62.5,1504.07,0.55,1.5,0.0,453.0,1400.0,140.0,65.0,-8.84851145,0.8899999999999999,2.9270974812781,136.0,3.0,1.5,-8.84851145,-8.22715557,140.0,563.58,15.415,12.499999999999998,4.0,1.4005
0.0,65.0,65.0,2144.78,0.265,1.5,0.0,471.0,1300.0,146.5,70.0,-8.84851145,0.79,7.431474987182298,136.0,3.0,1.5,-8.84851145,-8.22715557,146.5,563.58,17.14,24.4,3.0,1.423
3.0,55.0,55.0,157.0,0.42,4.0,0.0,211.0,5300.0,137.5,60.0,-8.84851145,0.61,1.3523302191896,136.0,6.0,4.0,-8.84851145,-8.22715557,137.5,590.4,15.16,1.6000000000000003,13.0,1.3595000000000002
3.0,53.5,53.5,11.0,0.42,4.5,0.0,429.0,8800.0,139.5,60.0,-8.84851145,0.635,3.8535825117041007,136.0,5.0,4.5,-8.84851145,-8.22715557,139.5,690.1,16.405,0.8999999999999995,23.0,1.393
0.0,61.0,61.0,910.95,0.36,1.5,0.0,406.0,8000.0,139.0,62.0,-8.84851145,0.635,0.5498357999509995,136.0,4.0,1.5,-8.84851145,-8.22715557,139.0,563.58,14.55,5.4,2.0,1.366
2.0,59.5,59.5,502.0,0.12,2.5,0.3703569,203.0,8000.0,134.0,60.0,-8.84851145,0.65,0.4230406578652008,132.0,6.0,2.5,-8.84851145,-8.22715557,134.0,563.58,14.285,1.799999999999999,1.0,1.351
3.0,58.0,58.0,132.0,0.0199999999999999,3.0,5.73e-05,103.0,8000.0,135.0,60.0,-8.84851145,0.625,0.5806760593126015,134.0,8.0,3.0,-8.84851145,-8.22715557,135.0,567.77,14.27,0.0,5.0,1.341
3.0,56.5,56.5,309.0,0.265,4.0,0.0,153.0,9100.0,136.0,60.0,-8.84851145,0.595,0.0024610399139994,136.0,7.0,4.0,-8.84851145,-8.22715557,136.0,563.58,14.535,1.5999999999999996,6.0,1.3575
3.0,36.0,36.0,940.0,0.255,6.0,0.0,468.6,2600.0,157.5,60.0,-8.84851145,0.825,18.864662413906903,136.0,3.0,6.0,-8.84851145,-8.22715557,157.5,563.58,23.58,4.9,49.0,1.5835
3.0,52.0,52.0,611.0,0.865,5.5,0.0,439.0,2600.0,147.0,60.0,-8.84851145,0.735,9.1173928005788,136.0,4.0,5.5,-8.84851145,-8.22715557,147.0,590.5,18.69,0.7000000000000002,34.0,1.4785
0.0,68.0,68.0,0.0,0.0,0.0,0.0,0.0,500.0,160.0,68.0,-1.54227231,0.72,0.0,160.0,2.0,0.0,-1.54227231,-1.51367083,160.0,127.6,22.88,0.0,0.0,1.6
0.0,66.5,66.5,311.93000000000006,0.0,0.0,0.0,35.6,500.0,152.0,68.0,-1.54227231,0.935,6.146645145735899,144.0,2.0,0.0,-1.54227231,-1.51367083,152.0,250.63,19.54,5.900000000000002,4.0,1.522
0.0,70.5,70.5,10.470000000000027,0.0,0.0,0.0,26.1,500.0,150.5,73.0,-1.54227231,0.63,6.6278685781168,141.0,3.0,0.0,-1.54227231,-1.51367083,150.5,290.8,19.9,1.6999999999999993,20.0,1.515
0.0,67.0,67.0,414.3299999999999,0.0,0.0,0.0,33.9,500.0,151.5,68.0,-1.54227231,0.7849999999999999,6.275229479146201,143.0,3.0,0.0,-1.54227231,-1.51367083,151.5,324.43,19.805,10.6,5.0,1.521
0.0,67.5,67.5,637.0,0.0,0.0,0.0,256.6,500.0,136.0,68.0,-1.54227231,0.585,15.12411664017691,112.0,2.0,0.0,-1.54227231,-1.51367083,136.0,297.0,15.34,13.5,45.0,1.36
0.0,77.0,77.0,378.6,0.0,0.0,0.0,10.4,500.0,161.0,86.0,-1.54227231,0.875,12.261165986579702,160.0,5.0,0.0,-1.54227231,-1.51367083,161.0,179.0,26.395,11.4,7.0,1.65
0.0,37.5,37.5,192.0,0.0,0.0,0.0,23.4,500.0,180.5,68.0,-1.54227231,0.86,19.7148942068449,160.0,2.0,0.0,-1.54227231,-1.51367083,180.5,154.67,29.85,2.5,35.0,1.785
0.0,69.0,69.0,328.78,0.0,0.0,0.0,17.6,500.0,158.5,70.0,-1.54227231,0.835,1.6422676398317009,157.0,2.0,0.0,-1.54227231,-1.51367083,158.5,127.6,21.265,6.0,3.0,1.5445000000000002
9.0,41.5,41.5,148.0,0.0,4.5,0.0,14.4,500.0,171.0,68.0,-1.54227231,0.93,11.5622083827072,160.0,4.0,4.5,-1.54227231,-1.51367083,171.0,313.8,29.875,19.6,63.0,1.7125
3.0,63.0,63.0,845.0,0.0,1.5,1.6840372,163.6,500.0,142.5,68.0,-1.54227231,0.685,12.2264324125135,125.0,3.0,1.5,-1.54227231,-1.51367083,142.5,373.3,16.66,11.8,15.0,1.4265
5.0,58.5,58.5,1257.0,0.0,2.5,0.0,214.6,500.0,145.0,68.0,-1.54227231,0.6699999999999999,11.1293556217331,130.0,6.0,2.5,-1.54227231,-1.51367083,145.0,339.5,17.025,19.9,2.0,1.4245
0.0,66.0,66.0,434.77,0.0,0.0,0.0,79.6,500.0,143.0,68.0,-1.54227231,0.725,11.3923511637268,126.0,2.0,0.0,-1.54227231,-1.51367083,143.0,300.5,16.98,8.3,9.0,1.439
4.0,61.5,61.5,888.0,0.0,2.0,2.1106628,166.6,500.0,142.5,68.0,-1.54227231,0.635,11.4449281260844,125.0,6.0,2.0,-1.54227231,-1.51367083,142.5,349.5,16.805,13.0,9.0,1.4205
0.0,71.0,71.0,620.0899999999999,0.0,0.0,0.0,33.4,500.0,147.0,74.0,-1.54227231,0.6699999999999999,3.6117796125443,134.0,3.0,0.0,-1.54227231,-1.51367083,147.0,256.06,20.41,5.100000000000001,19.0,1.505
9.0,47.5,47.5,663.0,0.0,4.5,0.0,10.6,500.0,168.0,68.0,-1.54227231,0.885,9.8274312181801,160.0,3.0,4.5,-1.54227231,-1.51367083,168.0,311.71,27.755000000000003,26.8,55.0,1.701
8.0,56.5,56.5,1583.0,0.0,4.0,0.0,94.6,500.0,159.0,68.0,-1.54227231,0.7749999999999999,0.953581901185899,158.0,4.0,4.0,-1.54227231,-1.51367083,159.0,661.07,22.375,18.9,34.0,1.582
0.0,69.5,69.5,688.6800000000001,0.0,0.0,0.0,22.4,500.0,156.0,71.0,-1.54227231,0.87,1.3894489740035,152.0,2.0,0.0,-1.54227231,-1.51367083,156.0,127.6,22.605,24.2,9.0,1.6
0.0,71.5,71.5,493.25,0.0,0.0,0.0,30.4,500.0,157.5,75.0,-1.54227231,0.76,2.860365064762,155.0,3.0,0.0,-1.54227231,-1.51367083,157.5,226.335,23.655,7.300000000000001,1.0,1.63
3.0,64.0,64.0,1816.0,0.0,1.5,0.4830855,488.6,500.0,148.0,68.0,-1.54227231,0.675,9.073742627014,136.0,3.0,1.5,-1.54227231,-1.51367083,148.0,563.58,18.755,18.4,0.0,1.4785
0.0,35.5,35.5,586.47,0.0,0.0,0.0,42.0,500.0,195.0,68.0,-1.54227231,1.115,52.625571587451205,160.0,2.0,0.0,-1.54227231,-1.51367083,195.0,127.6,47.49,57.2,62.0,1.975
9.0,40.5,40.5,270.0,0.0,4.5,0.0008051,5.600000000000001,500.0,173.5,68.0,-1.54227231,0.94,14.308353023176398,160.0,3.0,4.5,-1.54227231,-1.51367083,173.5,399.57,30.175,19.6,66.0,1.7385000000000002
0.0,34.5,34.5,469.31,0.0,0.0,0.0,34.4,500.0,156.0,68.0,-1.54227231,0.74,1.678235015751401,152.0,2.0,0.0,-1.54227231,-1.51367083,156.0,147.1,19.695,21.2,13.0,1.5750000000000002
5.0,60.0,60.0,596.0,0.0,2.5,0.8185729,153.6,500.0,146.0,68.0,-1.54227231,0.6950000000000001,11.0095886300282,132.0,7.0,2.5,-1.54227231,-1.51367083,146.0,219.74,16.695,3.1000000000000014,2.0,1.42
5.0,59.0,59.0,1973.0,0.0,2.5,0.0,277.6,500.0,149.5,68.0,-1.54227231,0.655,7.721412407824399,139.0,6.0,2.5,-1.54227231,-1.51367083,149.5,590.4,19.285,20.0,13.0,1.481
0.0,35.0,35.0,552.13,0.0,0.0,0.0,39.4,500.0,170.0,68.0,-1.54227231,0.87,16.216035786625998,160.0,2.0,0.0,-1.54227231,-1.51367083,170.0,127.6,26.045,46.2,25.0,1.75
6.0,57.5,57.5,1827.0,0.0,3.0,0.0,59.6,500.0,151.5,68.0,-1.54227231,0.6799999999999999,5.220160115309898,143.0,5.0,3.0,-1.54227231,-1.51367083,151.5,690.1,20.53,17.5,23.0,1.5145
0.0,43.5,43.5,371.0,0.0,0.0,0.0,6.399999999999999,500.0,171.0,68.0,-1.54227231,1.005,10.946761786827595,160.0,3.0,0.0,-1.54227231,-1.51367083,171.0,283.68,28.925,17.9,60.0,1.7105
2.0,64.5,64.5,805.0,0.0,1.0,0.0645672,163.6,500.0,143.0,68.0,-1.54227231,0.705,12.2810086539216,126.0,3.0,1.0,-1.54227231,-1.51367083,143.0,377.5,16.605,11.4,17.0,1.423
4.0,62.5,62.5,2383.0,0.0,2.0,0.0,505.6,500.0,147.5,68.0,-1.54227231,0.675,9.2385954275367,135.0,8.0,2.0,-1.54227231,-1.51367083,147.5,627.6,18.73,19.700000000000003,3.0,1.4700000000000002
0.0,65.0,65.0,905.05,0.0,0.0,0.0,82.6,500.0,151.0,68.0,-1.54227231,0.6799999999999999,8.523906827063,142.0,4.0,0.0,-1.54227231,-1.51367083,151.0,393.3,18.675,13.0,2.0,1.4875
0.0,42.5,42.5,281.0,0.0,0.0,0.0,5.600000000000001,500.0,171.5,68.0,-1.54227231,0.925,12.0168826375284,160.0,3.0,0.0,-1.54227231,-1.51367083,171.5,332.63,29.385,19.4,62.0,1.714
1.0,65.5,65.5,1118.4,0.0,0.5,0.0,130.6,500.0,149.5,68.0,-1.54227231,0.675,7.861829588892499,139.0,4.0,0.5,-1.54227231,-1.51367083,149.5,510.45,18.975,16.0,5.0,1.49
5.0,61.0,61.0,2536.0,0.0,2.5,0.0,416.6,500.0,148.5,68.0,-1.54227231,0.625,8.5119588660132,137.0,7.0,2.5,-1.54227231,-1.51367083,148.5,707.1,18.84,18.6,10.0,1.485
2.0,63.5,63.5,1314.0,0.0,1.0,0.3703569,285.6,500.0,146.0,68.0,-1.54227231,0.6950000000000001,9.4967832848792,132.0,6.0,1.0,-1.54227231,-1.51367083,146.0,495.39,18.41,16.6,1.0,1.4725
3.0,62.0,62.0,1684.0,0.0,1.5,5.73e-05,385.6,500.0,147.0,68.0,-1.54227231,0.6699999999999999,9.6544186863266,134.0,8.0,1.5,-1.54227231,-1.51367083,147.0,567.77,18.395,18.4,5.0,1.4625
0.0,76.5,76.5,19.220000000000027,0.0,0.0,0.0,22.6,500.0,157.5,85.0,-1.54227231,0.74,6.969130348162398,155.0,5.0,0.0,-1.54227231,-1.51367083,157.5,127.6,24.985,13.8,2.0,1.5950000000000002
9.0,39.5,39.5,891.0,0.0,4.5,0.0,35.6,500.0,161.0,68.0,-1.54227231,0.735,1.7870178229648983,160.0,3.0,4.5,-1.54227231,-1.51367083,161.0,304.8,22.54,14.8,29.0,1.6030000000000002
0.0,78.5,78.5,429.0,0.0,0.0,0.0,24.4,500.0,139.0,89.0,-1.54227231,0.61,3.9865115302009,118.0,6.0,0.0,-1.54227231,-1.51367083,139.0,127.6,21.525,20.2,21.0,1.5
0.0,73.0,73.0,764.0,0.0,0.0,0.0,117.6,500.0,135.0,78.0,-1.54227231,0.49,3.2059153790138986,110.0,4.0,0.0,-1.54227231,-1.51367083,135.0,359.0,18.745,22.2,30.0,1.46
0.0,74.0,74.0,417.92,0.0,0.0,0.0,5.600000000000001,500.0,157.5,80.0,-1.54227231,0.715,3.744492166437901,155.0,4.0,0.0,-1.54227231,-1.51367083,157.5,290.37,24.055,2.8000000000000007,2.0,1.61
0.0,38.0,38.0,127.0,0.0,0.0,0.0,29.4,500.0,186.0,68.0,-1.54227231,0.99,32.10083768087971,160.0,2.0,0.0,-1.54227231,-1.51367083,186.0,136.9,37.895,2.3000000000000007,54.0,1.875
7.0,58.0,58.0,2367.0,0.0,3.5,0.0,138.6,500.0,152.5,68.0,-1.54227231,0.6799999999999999,5.175563536442802,145.0,5.0,3.5,-1.54227231,-1.51367083,152.5,737.0,20.5,18.5,29.0,1.515
5.0,60.5,60.5,1507.0,0.0,2.5,0.0,335.6,500.0,148.0,68.0,-1.54227231,0.64,9.0712815871,136.0,7.0,2.5,-1.54227231,-1.51367083,148.0,502.0,18.66,16.8,6.0,1.479
8.0,42.0,42.0,1100.0,0.0,4.0,0.0,28.6,500.0,169.0,68.0,-1.54227231,0.885,9.643390119143302,160.0,4.0,4.0,-1.54227231,-1.51367083,169.0,543.92,27.915,13.8,65.0,1.699
8.0,55.5,55.5,1018.0,0.0,4.0,0.0,65.6,500.0,151.0,68.0,-1.54227231,0.665,5.585975936820599,142.0,4.0,4.0,-1.54227231,-1.51367083,151.0,425.2,19.86,16.200000000000003,19.0,1.524
7.0,57.0,57.0,1260.0,0.0,3.5,0.0,84.6,500.0,147.0,68.0,-1.54227231,0.63,9.3773948746465,134.0,5.0,3.5,-1.54227231,-1.51367083,147.0,446.7,17.945,16.4,12.0,1.4605
6.0,59.5,59.5,2772.0,0.0,3.0,0.0,356.6,500.0,147.5,68.0,-1.54227231,0.6599999999999999,7.363558671631599,135.0,6.0,3.0,-1.54227231,-1.51367083,147.5,422.58,19.465,20.3,21.0,1.485
9.0,40.0,40.0,876.0,0.0,4.5,0.0,20.000000000000007,500.0,169.5,68.0,-1.54227231,0.87,9.790919786892903,160.0,3.0,4.5,-1.54227231,-1.51367083,169.5,393.3,27.705,13.5,49.0,1.705
0.0,68.5,68.5,230.32000000000005,0.0,0.0,0.0,50.6,500.0,150.0,69.0,-1.54227231,0.73,8.0166093608242,140.0,2.0,0.0,-1.54227231,-1.51367083,150.0,127.6,18.52,5.399999999999999,19.0,1.4660000000000002
8.0,56.0,56.0,1205.0,0.0,4.0,0.0,49.6,500.0,159.0,68.0,-1.54227231,0.78,0.0436501735647993,158.0,4.0,4.0,-1.54227231,-1.51367083,159.0,590.5,22.815,19.1,34.0,1.6
5.0,50.0,50.0,0.0,0.0,5.0,0.0,0.0,5300.0,139.0,50.0,-10.84610777,0.59,0.0,139.0,6.0,5.0,-10.84610777,-10.84610777,139.0,590.4,15.69,0.0,0.0,1.362
0.0,57.5,57.5,1661.07,0.0,2.5,0.0,242.0,1400.0,141.5,65.0,-10.84610777,0.8699999999999999,1.5747672620884998,139.0,6.0,2.5,-10.84610777,-10.84610777,141.5,590.4,15.945,14.099999999999998,9.0,1.403
0.0,68.0,68.0,2351.6,0.0,2.5,0.0,288.0,5300.0,150.5,86.0,-10.84610777,0.81,19.9825783944041,139.0,6.0,2.5,-10.84610777,-10.84610777,150.5,590.4,22.8,8.600000000000001,6.0,1.531
0.0,60.0,60.0,2301.78,0.0,2.5,0.0,260.0,1300.0,148.0,70.0,-10.84610777,0.77,6.079144767992698,139.0,6.0,2.5,-10.84610777,-10.84610777,148.0,590.4,17.669999999999998,26.0,10.0,1.4255
3.0,54.0,54.0,1128.0,0.0,4.0,1.6840372,114.0,2700.0,132.0,58.0,-10.84610777,0.62,4.505020004689101,125.0,6.0,4.0,-10.84610777,-10.84610777,132.0,590.4,13.065,8.2,28.0,1.3075
5.0,49.5,49.5,716.0,0.0,5.0,0.0,63.0,4100.0,134.5,50.0,-10.84610777,0.605,3.4079432139087,130.0,6.0,5.0,-10.84610777,-10.84610777,134.5,590.4,13.43,0.1000000000000005,15.0,1.3055
0.0,57.0,57.0,1538.23,0.0,2.5,0.0,198.0,1500.0,132.5,64.0,-10.84610777,0.6599999999999999,3.6709387559024016,126.0,6.0,2.5,-10.84610777,-10.84610777,132.5,590.4,13.385,11.7,22.0,1.32
4.0,52.5,52.5,1085.0,0.0,4.5,2.1106628,111.0,1400.0,132.0,55.0,-10.84610777,0.5700000000000001,3.7235157182600016,125.0,6.0,4.5,-10.84610777,-10.84610777,132.0,590.4,13.21,7.000000000000001,22.0,1.3015
0.0,62.0,62.0,2593.09,0.0,2.5,0.0,311.0,1900.0,136.5,74.0,-10.84610777,0.605,4.109632795280099,134.0,6.0,2.5,-10.84610777,-10.84610777,136.5,590.4,16.815,14.9,32.0,1.386
0.0,62.5,62.5,2466.25,0.0,2.5,0.0,308.0,2000.0,147.0,75.0,-10.84610777,0.6950000000000001,10.5817774725864,139.0,6.0,2.5,-10.84610777,-10.84610777,147.0,590.4,20.06,27.3,12.0,1.511
0.0,59.0,59.0,1973.0,0.0,2.5,0.0,277.6,500.0,149.5,68.0,-10.84610777,0.655,7.721412407824399,139.0,6.0,2.5,-10.84610777,-10.84610777,149.5,590.4,19.285,20.0,13.0,1.481
5.0,51.0,51.0,1377.0,0.0,5.0,0.8185729,124.0,1800.0,135.5,52.0,-10.84610777,0.63,3.2881762222038,132.0,7.0,5.0,-10.84610777,-10.84610777,135.5,590.4,13.1,16.9,15.0,1.3010000000000002
2.0,55.5,55.5,1168.0,0.0,3.5,0.0645672,114.0,1500.0,132.5,61.0,-10.84610777,0.6399999999999999,4.5595962460972,126.0,6.0,3.5,-10.84610777,-10.84610777,132.5,590.4,13.01,8.600000000000001,30.0,1.304
0.0,56.0,56.0,1067.95,0.0,2.5,0.0,195.0,5300.0,140.5,62.0,-10.84610777,0.615,0.8024944192386005,139.0,6.0,2.5,-10.84610777,-10.84610777,140.5,590.4,15.08,7.000000000000001,15.0,1.3685
5.0,51.5,51.5,466.0,0.0,5.0,0.0,58.0,5300.0,137.5,53.0,-10.84610777,0.575,1.3498691792756006,136.0,7.0,5.0,-10.84610777,-10.84610777,137.5,590.4,15.065,3.2,7.0,1.36
5.0,50.5,50.5,799.0,0.0,5.5,0.0,79.0,4300.0,137.0,51.0,-10.84610777,0.595,0.3578537361927996,135.0,6.0,5.5,-10.84610777,-10.84610777,137.0,590.4,15.87,0.2999999999999998,8.0,1.366
5.0,31.0,31.0,1097.0,0.0,7.0,0.0,257.6,2600.0,159.0,50.0,-10.84610777,0.8049999999999999,17.512332194717303,139.0,6.0,7.0,-10.84610777,-10.84610777,159.0,590.4,24.11,6.500000000000001,36.0,1.586
0.0,59.5,59.5,2203.32,0.0,2.5,0.0,227.0,1900.0,139.5,69.0,-10.84610777,0.665,0.2951969529998006,139.0,6.0,2.5,-10.84610777,-10.84610777,139.5,590.4,14.925,25.4,32.0,1.347
0.0,67.0,67.0,1806.0,0.0,2.5,0.0,283.0,4000.0,127.0,84.0,-10.84610777,0.585,6.2230850493756975,115.0,6.0,2.5,-10.84610777,-10.84610777,127.0,590.4,17.35,10.6,35.0,1.376
0.0,64.5,64.5,1684.6,0.0,2.5,0.0,207.0,1900.0,126.5,79.0,-10.84610777,0.56,7.160095694556301,114.0,6.0,2.5,-10.84610777,-10.84610777,126.5,590.4,17.255,0.9000000000000004,34.0,1.366
4.0,53.5,53.5,410.0,0.0,4.5,0.0,228.0,5300.0,137.0,57.0,-10.84610777,0.61,1.5171830197123004,135.0,8.0,4.5,-10.84610777,-10.84610777,137.0,627.6,15.135,0.2999999999999998,10.0,1.351
0.0,66.5,66.5,2578.7,0.0,2.5,0.0,317.0,5100.0,120.5,83.0,-10.84610777,0.38,12.7132411288389,102.0,6.0,2.5,-10.84610777,-10.84610777,120.5,590.4,14.925,122.2,47.0,1.3210000000000002
0.0,65.5,65.5,2295.39,0.0,2.5,0.0,302.0,1800.0,156.5,81.0,-10.84610777,0.8899999999999999,14.840542324936996,139.0,6.0,2.5,-10.84610777,-10.84610777,156.5,590.4,21.805,24.0,8.0,1.556
1.0,56.5,56.5,854.5999999999999,0.0,3.0,0.0,147.0,5300.0,139.0,63.0,-10.84610777,0.61,0.1404171810681003,139.0,6.0,3.0,-10.84610777,-10.84610777,139.0,590.4,15.38,4.000000000000001,18.0,1.371
3.0,53.0,53.0,289.0,0.0,4.0,5.73e-05,108.0,5300.0,136.5,56.0,-10.84610777,0.605,1.9330062785022013,134.0,8.0,4.0,-10.84610777,-10.84610777,136.5,590.4,14.8,1.6000000000000003,8.0,1.3435
0.0,67.5,67.5,1992.22,0.0,2.5,0.0,255.0,3400.0,147.0,85.0,-10.84610777,0.675,14.690542755986796,139.0,6.0,2.5,-10.84610777,-10.84610777,147.0,590.4,21.39,6.2,15.0,1.476
5.0,30.5,30.5,1082.0,0.0,7.0,0.0,242.0,4500.0,150.5,50.0,-10.84610777,0.6699999999999999,9.508430230789298,139.0,6.0,7.0,-10.84610777,-10.84610777,150.5,590.4,18.945,5.2,16.0,1.484
0.0,64.0,64.0,1209.0,0.0,2.5,0.0,160.0,1000.0,124.5,78.0,-10.84610777,0.425,4.5154970288105005,110.0,6.0,2.5,-10.84610777,-10.84610777,124.5,590.4,15.15,2.2,43.0,1.3410000000000002
0.0,65.0,65.0,2390.92,0.0,2.5,0.0,272.0,1600.0,147.0,80.0,-10.84610777,0.6499999999999999,11.4659045742623,139.0,6.0,2.5,-10.84610777,-10.84610777,147.0,590.4,20.46,17.2,15.0,1.491
5.0,46.5,46.5,955.0,0.0,6.5,0.0,212.0,1600.0,140.5,50.0,-10.84610777,0.6,2.1354364710038,139.0,6.0,6.5,-10.84610777,-10.84610777,140.5,590.4,16.265,3.8,6.0,1.405
0.0,63.0,63.0,2319.0,0.0,2.5,0.0,310.0,5300.0,155.5,76.0,-10.84610777,1.09,13.1399958731059,139.0,6.0,2.5,-10.84610777,-10.84610777,155.5,590.4,20.97,25.1,9.0,1.536
5.0,47.0,47.0,768.0,0.0,6.5,0.0,228.0,2600.0,148.5,50.0,-10.84610777,0.715,7.7650625813891985,139.0,6.0,6.5,-10.84610777,-10.84610777,148.5,590.5,19.22,0.9000000000000004,21.0,1.481
2.0,61.0,61.0,0.0,0.0,2.0,0.0645672,0.0,1500.0,126.0,61.0,-5.54632457,0.69,0.0,126.0,3.0,2.0,-5.54632457,-5.43913904,126.0,377.5,10.33,0.0,0.0,1.246
0.0,63.0,63.0,493.07,0.14,1.0,0.0,128.0,1400.0,135.0,65.0,-5.54632457,0.92,6.1343635081857,126.0,3.0,1.0,-5.54632457,-5.43913904,135.0,377.5,13.265,5.499999999999998,21.0,1.345
0.0,67.0,67.0,794.53,0.43,1.0,0.0,137.5,1000.0,133.5,73.0,-5.54632457,0.615,5.653140075804799,126.0,3.0,1.0,-5.54632457,-5.43913904,133.5,377.5,13.625,9.7,3.0,1.338
0.0,63.5,63.5,390.6700000000001,0.0199999999999999,1.0,0.0,129.7,1000.0,134.5,66.0,-5.54632457,0.77,6.005779174775398,126.0,3.0,1.0,-5.54632457,-5.43913904,134.5,377.5,13.53,0.7999999999999989,12.0,1.344
0.0,73.5,73.5,1183.6,3.05,1.0,0.0,174.0,1500.0,144.0,86.0,-5.54632457,0.86,24.5421746405013,126.0,5.0,1.0,-5.54632457,-5.43913904,144.0,377.5,20.12,0.0,24.0,1.473
0.0,65.5,65.5,1133.78,0.145,1.0,0.0,146.0,1300.0,141.5,70.0,-5.54632457,0.82,10.6387410140899,126.0,3.0,1.0,-5.54632457,-5.43913904,141.5,377.5,14.989999999999998,17.4,20.0,1.3675000000000002
2.0,59.5,59.5,40.0,0.185,2.5,0.0645672,0.0,1500.0,125.5,61.0,-5.54632457,0.6699999999999999,0.0545762414080996,125.0,3.0,2.5,-5.54632457,-5.43913904,125.5,377.5,10.385,0.4000000000000003,2.0,1.2494999999999998
2.0,55.0,55.0,452.0,0.03,3.5,0.0,51.0,1500.0,128.0,61.0,-5.54632457,0.655,1.1516530321885003,126.0,6.0,3.5,-5.54632457,-5.43913904,128.0,377.5,10.75,8.5,15.0,1.2475
0.0,62.5,62.5,370.23,0.0,1.0,0.0,84.0,1500.0,126.0,64.0,-5.54632457,0.71,0.8886574901947988,126.0,3.0,1.0,-5.54632457,-5.43913904,126.0,377.5,10.705,3.1,8.0,1.262
2.0,58.0,58.0,83.0,0.01,3.0,0.0645672,3.0,1400.0,125.5,61.0,-5.54632457,0.62,0.8360805278371988,125.0,6.0,3.0,-5.54632457,-5.43913904,125.5,377.5,10.53,1.5999999999999996,8.0,1.2435
0.0,67.5,67.5,1425.09,0.9275,1.0,0.0,197.0,1500.0,130.0,74.0,-5.54632457,0.655,8.6692290413773,126.0,3.0,1.0,-5.54632457,-5.43913904,130.0,377.5,14.135000000000002,6.299999999999999,2.0,1.3279999999999998
0.0,70.0,70.0,516.5999999999999,4.194999999999999,1.0,0.0,93.0,1500.0,120.0,79.0,-5.54632457,0.61,11.7196919406535,114.0,4.0,1.0,-5.54632457,-5.43913904,120.0,377.5,14.575,7.7,4.0,1.308
2.0,53.0,53.0,778.0,0.34,5.0,0.0,69.0,1500.0,142.0,61.0,-5.54632457,0.76,11.3274267527357,126.0,4.0,5.0,-5.54632457,-5.43913904,142.0,661.07,16.1,7.5,51.0,1.405
0.0,66.0,66.0,1493.68,2.917586207,1.0,0.0,186.0,1500.0,139.0,71.0,-5.54632457,0.855,13.6704576279251,126.0,3.0,1.0,-5.54632457,-5.43913904,139.0,377.5,16.33,35.6,8.0,1.423
0.0,68.0,68.0,1298.25,0.16,1.0,0.0,194.0,1500.0,140.5,75.0,-5.54632457,0.745,15.1413737186836,126.0,3.0,1.0,-5.54632457,-5.43913904,140.5,377.5,17.38,18.700000000000003,18.0,1.4529999999999998
2.0,60.5,60.5,1011.0,0.41,2.5,0.0645672,325.0,1500.0,131.0,61.0,-5.54632457,0.6599999999999999,3.2072660269076003,126.0,3.0,2.5,-5.54632457,-5.43913904,131.0,563.58,12.48,7.0,17.0,1.3015
0.0,64.5,64.5,805.0,0.02,1.0,0.0,163.6,500.0,143.0,68.0,-5.54632457,0.705,12.2810086539216,126.0,3.0,1.0,-5.54632457,-5.43913904,143.0,377.5,16.605,11.4,17.0,1.423
2.0,56.5,56.5,209.0,0.012413793,3.5,0.0645672,10.0,1500.0,129.0,61.0,-5.54632457,0.6799999999999999,1.2714200238934,126.0,7.0,3.5,-5.54632457,-5.43913904,129.0,377.5,10.42,8.299999999999999,15.0,1.243
2.0,55.5,55.5,1168.0,0.01,3.5,0.0,114.0,1500.0,132.5,61.0,-5.54632457,0.6399999999999999,4.5595962460972,126.0,6.0,3.5,-5.54632457,-5.43913904,132.5,590.4,13.01,8.600000000000001,30.0,1.304
2.0,54.0,54.0,1022.0,0.01,4.0,0.0,104.0,1500.0,134.5,61.0,-5.54632457,0.665,7.060848538611701,126.0,5.0,4.0,-5.54632457,-5.43913904,134.5,690.1,14.255,6.1000000000000005,40.0,1.3375
2.0,59.0,59.0,1578.0,0.48,3.0,0.0,342.0,1500.0,130.5,61.0,-5.54632457,0.6599999999999999,3.0424132263849,126.0,8.0,3.0,-5.54632457,-5.43913904,130.5,627.6,12.455,8.3,20.0,1.293
0.0,71.0,71.0,1127.39,0.2,1.0,0.0,188.0,1500.0,150.0,81.0,-5.54632457,0.94,19.4001385710342,126.0,4.0,1.0,-5.54632457,-5.43913904,150.0,377.5,19.125,15.4,22.0,1.498
0.0,61.5,61.5,100.04999999999995,0.0499999999999999,1.0,0.0,81.0,1500.0,134.0,62.0,-5.54632457,0.665,3.7571018268586,126.0,4.0,1.0,-5.54632457,-5.43913904,134.0,393.3,12.4,1.5999999999999996,15.0,1.3105
1.0,62.0,62.0,313.4000000000001,0.04,1.5,0.0,33.0,1500.0,132.5,63.0,-5.54632457,0.6599999999999999,4.4191790650291,126.0,4.0,1.5,-5.54632457,-5.43913904,132.5,510.45,12.7,4.6,12.0,1.313
2.0,57.5,57.5,1731.0,0.1349999999999999,3.5,0.0,253.0,1500.0,131.5,61.0,-5.54632457,0.61,3.769049787908399,126.0,7.0,3.5,-5.54632457,-5.43913904,131.5,707.1,12.565,7.2,27.0,1.308
2.0,60.0,60.0,509.0,0.29,2.0,0.0645672,122.0,1500.0,129.0,61.0,-5.54632457,0.6799999999999999,2.7842253690423995,126.0,6.0,2.0,-5.54632457,-5.43913904,129.0,495.39,12.135,5.200000000000001,18.0,1.2955
2.0,58.5,58.5,879.0,0.39,2.5,5.73e-05,222.0,1500.0,130.0,61.0,-5.54632457,0.655,2.626589967594999,126.0,8.0,2.5,-5.54632457,-5.43913904,130.0,567.77,12.12,7.0,22.0,1.2855
0.0,74.5,74.5,1339.64,10.176875,1.0,0.0,189.0,1000.0,114.5,88.0,-5.54632457,0.49,16.2252613529661,103.0,6.0,1.0,-5.54632457,-5.43913904,114.5,377.5,12.975,56.6,19.0,1.258
0.0,73.0,73.0,824.22,4.48,1.0,0.0,141.0,1500.0,140.5,85.0,-5.54632457,0.725,19.250139002084,126.0,5.0,1.0,-5.54632457,-5.43913904,140.5,377.5,18.71,2.4000000000000004,15.0,1.418
2.0,36.0,36.0,86.0,0.045,5.5,0.0,128.0,1500.0,144.0,61.0,-5.54632457,0.72,14.068026476886498,126.0,3.0,5.5,-5.54632457,-5.43913904,144.0,377.5,16.265,3.4000000000000004,46.0,1.4260000000000002
0.0,69.5,69.5,41.0,5.84,1.0,0.0,46.0,1000.0,118.0,78.0,-5.54632457,0.475,9.0750932749077,110.0,4.0,1.0,-5.54632457,-5.43913904,118.0,377.5,12.47,10.8,13.0,1.283
0.0,70.5,70.5,1222.92,8.065,1.0,0.0,158.0,1500.0,140.5,80.0,-5.54632457,0.7,16.0255008203595,126.0,4.0,1.0,-5.54632457,-5.43913904,140.5,377.5,17.78,8.6,15.0,1.433
2.0,54.5,54.5,1562.0,0.01,4.5,0.0,25.0,1500.0,135.5,61.0,-5.54632457,0.665,7.105445117478798,126.0,5.0,4.5,-5.54632457,-5.43913904,135.5,737.0,14.225,7.1000000000000005,46.0,1.338
2.0,57.0,57.0,702.0,0.145,3.5,0.0,172.0,1500.0,131.0,61.0,-5.54632457,0.625,3.2097270668216,126.0,7.0,3.5,-5.54632457,-5.43913904,131.0,502.0,12.385,5.4,23.0,1.302
2.0,52.0,52.0,213.0,0.1399999999999999,5.0,0.0,98.0,1500.0,134.0,61.0,-5.54632457,0.6499999999999999,6.695032717101,126.0,4.0,5.0,-5.54632457,-5.43913904,134.0,425.2,13.585,4.800000000000001,36.0,1.347
0.0,68.5,68.5,1151.0,0.67,1.0,0.0,196.0,1500.0,149.0,76.0,-5.54632457,1.14,17.6995921192031,126.0,3.0,1.0,-5.54632457,-5.43913904,149.0,377.5,18.29,16.5,21.0,1.478
2.0,53.5,53.5,455.0,0.01,4.5,0.0,79.0,1500.0,130.0,61.0,-5.54632457,0.615,2.9036137792751,126.0,5.0,4.5,-5.54632457,-5.43913904,130.0,446.7,11.67,5.0,29.0,1.2835
2.0,56.0,56.0,1967.0,0.01,4.0,0.0,193.0,1500.0,130.5,61.0,-5.54632457,0.645,4.91744998229,126.0,6.0,4.0,-5.54632457,-5.43913904,130.5,422.58,13.19,8.9,38.0,1.308
0.0,65.0,65.0,1035.3200000000002,0.19,1.0,0.0,113.0,1500.0,133.0,69.0,-5.54632457,0.715,4.2643992930974,126.0,3.0,1.0,-5.54632457,-5.43913904,133.0,377.5,12.245,16.799999999999997,2.0,1.289
2.0,52.5,52.5,400.0,0.455,5.0,0.0,114.0,1500.0,142.0,61.0,-5.54632457,0.7649999999999999,12.3246588274864,126.0,4.0,5.0,-5.54632457,-5.43913904,142.0,590.5,16.54,7.7,51.0,1.423
0.0,81.0,81.0,0.0,0.0,0.0,0.0,0.0,1800.0,174.0,81.0,-3.62902961,1.19,0.0,174.0,4.0,0.0,-3.62902961,-3.58277457,174.0,177.9,27.92,0.0,0.0,1.75
0.0,73.0,73.0,634.32,0.0,0.0,0.0,60.0,1400.0,159.0,81.0,-3.62902961,1.17,13.265775062848498,144.0,4.0,0.0,-3.62902961,-3.58277457,159.0,250.63,22.06,9.900000000000002,1.0,1.597
0.0,75.5,75.5,6.389999999999986,0.0,0.0,0.0,42.0,1300.0,165.5,81.0,-3.62902961,1.0699999999999998,8.7613975569443,157.0,4.0,0.0,-3.62902961,-3.58277457,165.5,177.9,23.785,2.0,2.0,1.6195
5.0,65.5,65.5,2295.39,0.0,2.5,0.0,302.0,1800.0,156.5,81.0,-3.62902961,0.8899999999999999,14.840542324936996,139.0,6.0,2.5,-3.62902961,-3.58277457,156.5,590.4,21.805,24.0,8.0,1.556
6.0,64.0,64.0,2149.39,0.0,3.0,0.0,84.0,1800.0,158.5,81.0,-3.62902961,0.915,12.339290032422497,143.0,5.0,3.0,-3.62902961,-3.58277457,158.5,690.1,23.05,21.5,18.0,1.5895
0.0,71.5,71.5,1227.44,0.0,0.0,0.0,107.0,1800.0,158.0,81.0,-3.62902961,0.915,15.643036744175598,142.0,4.0,0.0,-3.62902961,-3.58277457,158.0,393.3,21.195,17.0,7.0,1.5625
9.0,46.5,46.5,1198.39,0.0,4.5,0.0,44.400000000000006,1800.0,176.5,81.0,-3.62902961,1.105,2.671789869780305,174.0,4.0,4.5,-3.62902961,-3.58277457,176.5,393.3,30.225,17.5,44.0,1.78
8.0,62.5,62.5,1527.39,0.0,4.0,0.0,74.0,1800.0,166.0,81.0,-3.62902961,1.015,7.075479743547799,158.0,4.0,4.0,-3.62902961,-3.58277457,166.0,590.5,25.335,23.1,29.0,1.675
0.0,62.0,62.0,0.0,0.0,0.0,0.0,0.0,8000.0,142.0,62.0,-5.13777457,0.64,0.0,142.0,4.0,0.0,-5.13777457,-5.0910129,142.0,393.3,14.47,0.0,0.0,1.375
0.0,63.5,63.5,593.1199999999999,0.19,0.0,0.0,47.0,1400.0,143.0,65.0,-5.13777457,0.895,2.3772616813271004,142.0,4.0,0.0,-5.13777457,-5.0910129,143.0,393.3,15.335,7.099999999999998,6.0,1.4095
0.0,64.0,64.0,490.72,0.03,0.0,0.0,48.7,1000.0,142.5,66.0,-5.13777457,0.745,2.2486773479167983,142.0,4.0,0.0,-5.13777457,-5.0910129,142.5,393.3,15.6,2.3999999999999986,3.0,1.4085
0.0,66.0,66.0,1233.83,0.095,0.0,0.0,65.0,1300.0,149.5,70.0,-5.13777457,0.7949999999999999,6.881639187231299,142.0,4.0,0.0,-5.13777457,-5.0910129,149.5,393.3,17.06,19.0,5.0,1.432
3.0,60.0,60.0,60.04999999999996,0.135,1.5,1.6840372,81.0,2700.0,133.5,62.0,-5.13777457,0.645,3.7025255854505,125.0,4.0,1.5,-5.13777457,-5.0910129,133.5,393.3,12.455,1.1999999999999993,13.0,1.314
5.0,55.5,55.5,351.95000000000005,0.08,2.5,0.0,132.0,4100.0,136.0,62.0,-5.13777457,0.63,2.6054487946700995,130.0,6.0,2.5,-5.13777457,-5.0910129,136.0,393.3,12.82,6.9,0.0,1.312
0.0,63.0,63.0,470.28,0.0499999999999999,0.0,0.0,3.0,1500.0,134.0,64.0,-5.13777457,0.685,2.868444336663801,126.0,4.0,0.0,-5.13777457,-5.0910129,134.0,393.3,12.775,4.699999999999999,7.0,1.3265
4.0,58.5,58.5,17.049999999999955,0.06,2.0,2.1106628,84.0,1400.0,133.5,62.0,-5.13777457,0.595,2.921021299021401,125.0,6.0,2.0,-5.13777457,-5.0910129,133.5,393.3,12.6,0.0,7.0,1.308
8.0,53.5,53.5,677.95,0.39,4.0,0.0,12.0,2600.0,150.0,62.0,-5.13777457,0.735,7.570324925877101,142.0,4.0,4.0,-5.13777457,-5.0910129,150.0,661.07,18.17,5.9,36.0,1.4695
0.0,66.5,66.5,1593.73,2.967586207,0.0,0.0,105.0,3100.0,147.0,71.0,-5.13777457,0.8300000000000001,9.9133558010665,142.0,4.0,0.0,-5.13777457,-5.0910129,147.0,393.3,18.4,37.2,7.0,1.4875
3.0,61.0,61.0,910.95,0.36,1.5,0.4830855,406.0,8000.0,139.0,62.0,-5.13777457,0.635,0.5498357999509995,136.0,4.0,1.5,-5.13777457,-5.0910129,139.0,563.58,14.55,5.4,2.0,1.366
9.0,37.5,37.5,635.05,0.5125,4.5,0.0008051,77.0,3100.0,164.5,62.0,-5.13777457,0.8999999999999999,22.8322598502394,142.0,4.0,4.5,-5.13777457,-5.0910129,164.5,399.57,25.97,6.6000000000000005,68.0,1.626
5.0,57.0,57.0,309.04999999999995,0.0375862069999999,2.5,0.8185729,71.0,1800.0,137.0,62.0,-5.13777457,0.655,2.4856818029652,132.0,7.0,2.5,-5.13777457,-5.0910129,137.0,393.3,12.49,9.9,0.0,1.3075
5.0,56.0,56.0,1067.95,0.06,2.5,0.0,195.0,5300.0,140.5,62.0,-5.13777457,0.615,0.8024944192386005,139.0,6.0,2.5,-5.13777457,-5.0910129,140.5,590.4,15.08,7.000000000000001,15.0,1.3685
6.0,54.5,54.5,921.95,0.06,3.0,0.0,23.0,8000.0,142.5,62.0,-5.13777457,0.64,3.303746711753101,142.0,5.0,3.0,-5.13777457,-5.0910129,142.5,690.1,16.325,4.500000000000001,25.0,1.402
2.0,61.5,61.5,100.04999999999995,0.0499999999999999,1.0,0.0645672,81.0,1500.0,134.0,62.0,-5.13777457,0.665,3.7571018268586,126.0,4.0,1.0,-5.13777457,-5.0910129,134.0,393.3,12.4,1.5999999999999996,15.0,1.3105
4.0,59.5,59.5,1477.95,0.43,2.0,0.0,423.0,8000.0,138.5,62.0,-5.13777457,0.635,0.7146886004736999,135.0,8.0,2.0,-5.13777457,-5.0910129,138.5,627.6,14.525,6.700000000000001,5.0,1.3575
1.0,62.5,62.5,213.3500000000001,0.0099999999999999,0.5,0.0,48.0,8000.0,140.5,63.0,-5.13777457,0.635,0.6620772381705002,139.0,4.0,0.5,-5.13777457,-5.0910129,140.5,510.45,14.77,3.0,3.0,1.3775
5.0,58.0,58.0,1630.95,0.0849999999999999,2.5,0.0,334.0,3300.0,139.5,62.0,-5.13777457,0.585,0.011947961049799,137.0,7.0,2.5,-5.13777457,-5.0910129,139.5,707.1,14.635000000000002,5.6000000000000005,12.0,1.3725
2.0,60.5,60.5,408.9500000000001,0.24,1.0,0.3703569,203.0,8000.0,137.0,62.0,-5.13777457,0.655,0.9728764578162004,132.0,6.0,1.0,-5.13777457,-5.0910129,137.0,495.39,14.205,3.6000000000000014,3.0,1.36
3.0,59.0,59.0,778.95,0.34,1.5,5.73e-05,303.0,8000.0,138.0,62.0,-5.13777457,0.63,1.130511859263601,134.0,8.0,1.5,-5.13777457,-5.0910129,138.0,567.77,14.19,5.4,7.0,1.35
9.0,36.5,36.5,14.049999999999956,0.095,4.5,0.0,47.0,4500.0,152.0,62.0,-5.13777457,0.6950000000000001,10.310924650027898,142.0,4.0,4.5,-5.13777457,-5.0910129,152.0,393.3,18.335,1.8000000000000007,31.0,1.4905
7.0,55.0,55.0,1461.95,0.06,3.5,0.0,56.0,4800.0,143.5,62.0,-5.13777457,0.64,3.348343290620198,142.0,5.0,3.5,-5.13777457,-5.0910129,143.5,737.0,16.295,5.500000000000001,31.0,1.4025
5.0,57.5,57.5,601.95,0.095,2.5,0.0,253.0,8000.0,139.0,62.0,-5.13777457,0.6000000000000001,0.547374760037,136.0,7.0,2.5,-5.13777457,-5.0910129,139.0,502.0,14.455,3.8000000000000007,8.0,1.3665
8.0,52.5,52.5,112.95000000000005,0.09,4.0,0.0,17.0,1600.0,142.0,62.0,-5.13777457,0.625,2.9379308902424004,142.0,4.0,4.0,-5.13777457,-5.0910129,142.0,425.2,15.655,3.200000000000001,21.0,1.4115
7.0,54.0,54.0,354.95000000000005,0.06,3.5,0.0,2.0,3400.0,138.0,62.0,-5.13777457,0.5900000000000001,0.8534880475835003,134.0,5.0,3.5,-5.13777457,-5.0910129,138.0,446.7,13.74,3.4000000000000004,14.0,1.348
6.0,56.5,56.5,1866.95,0.06,3.0,0.0,274.0,4300.0,138.5,62.0,-5.13777457,0.62,1.1603481554314,135.0,6.0,3.0,-5.13777457,-5.0910129,138.5,422.58,15.260000000000002,7.300000000000001,23.0,1.3725
9.0,37.0,37.0,29.049999999999955,0.105,4.5,0.0,62.6,2600.0,160.5,62.0,-5.13777457,0.8300000000000001,18.3148266139559,142.0,4.0,4.5,-5.13777457,-5.0910129,160.5,393.3,23.5,0.5,51.0,1.5925
0.0,65.5,65.5,1135.37,0.14,0.0,0.0,32.0,1900.0,141.0,69.0,-5.13777457,0.69,0.5072974662387999,140.0,4.0,0.0,-5.13777457,-5.0910129,141.0,393.3,14.315,18.4,17.0,1.3535
8.0,53.0,53.0,299.95000000000005,0.505,4.0,0.0,33.0,2600.0,150.0,62.0,-5.13777457,0.74,8.567557000627799,142.0,4.0,4.0,-5.13777457,-5.0910129,150.0,590.5,18.61,6.1000000000000005,36.0,1.4875
1.0,63.0,63.0,0.0,0.0,1.0,0.0,0.0,9100.0,139.0,63.0,-6.02850968,0.63,0.0,139.0,4.0,1.0,-6.02850968,-5.92513799,139.0,510.45,15.07,0.0,0.0,1.38
0.0,64.0,64.0,806.47,0.18,0.5,0.0,95.0,1400.0,141.5,65.0,-6.02850968,0.8899999999999999,1.7151844431566,139.0,4.0,0.5,-6.02850968,-5.92513799,141.5,510.45,15.635,10.099999999999998,9.0,1.412
0.0,64.5,64.5,704.0700000000002,0.02,0.5,0.0,96.7,1000.0,141.0,66.0,-6.02850968,0.74,1.586600109746298,139.0,4.0,0.5,-6.02850968,-5.92513799,141.0,510.45,15.9,5.399999999999999,0.0,1.411
0.0,66.5,66.5,1447.18,0.105,0.5,0.0,113.0,1300.0,148.0,70.0,-6.02850968,0.79,6.219561949060799,139.0,4.0,0.5,-6.02850968,-5.92513799,148.0,510.45,17.36,22.0,8.0,1.4345
1.0,60.5,60.5,273.4000000000001,0.145,2.0,1.6840372,33.0,2700.0,132.0,63.0,-6.02850968,0.64,4.364602823621,125.0,4.0,2.0,-6.02850968,-5.92513799,132.0,510.45,12.755,4.199999999999999,10.0,1.3165
1.0,56.0,56.0,138.5999999999999,0.07,3.0,0.0,84.0,4100.0,134.5,63.0,-6.02850968,0.625,3.2675260328406,130.0,6.0,3.0,-6.02850968,-5.92513799,134.5,510.45,13.12,3.9,3.0,1.3145
0.0,63.5,63.5,683.6300000000001,0.04,0.5,0.0,51.0,1500.0,132.5,64.0,-6.02850968,0.6799999999999999,3.5305215748343013,126.0,4.0,0.5,-6.02850968,-5.92513799,132.5,510.45,13.075,7.699999999999999,4.0,1.329
1.0,59.0,59.0,230.4000000000001,0.05,2.5,2.1106628,36.0,1400.0,132.0,63.0,-6.02850968,0.5900000000000001,3.5830985371919013,125.0,6.0,2.5,-6.02850968,-5.92513799,132.0,510.45,12.9,3.0,4.0,1.3105
1.0,54.0,54.0,464.5999999999999,0.38,4.5,0.0,36.0,2600.0,148.5,63.0,-6.02850968,0.73,6.9082476877066,139.0,4.0,4.5,-6.02850968,-5.92513799,148.5,661.07,18.47,2.9000000000000004,39.0,1.472
0.0,67.0,67.0,1807.08,2.957586207,0.5,0.0,153.0,3100.0,145.5,71.0,-6.02850968,0.825,9.251278562896,139.0,4.0,0.5,-6.02850968,-5.92513799,145.5,510.45,18.7,40.2,4.0,1.49
1.0,61.5,61.5,697.5999999999999,0.37,2.0,0.4830855,358.0,9100.0,137.5,63.0,-6.02850968,0.63,1.2119130381214998,136.0,4.0,2.0,-6.02850968,-5.92513799,137.5,563.58,14.85,2.4000000000000004,5.0,1.3685
1.0,38.0,38.0,848.4000000000001,0.5225,5.0,0.0008051,125.0,3100.0,163.0,63.0,-6.02850968,0.895,22.1701826120689,139.0,4.0,5.0,-6.02850968,-5.92513799,163.0,510.45,26.27,3.6000000000000005,71.0,1.6284999999999998
1.0,57.5,57.5,522.4000000000001,0.027586207,3.0,0.8185729,23.0,1800.0,135.5,63.0,-6.02850968,0.65,3.1477590411357,132.0,7.0,3.0,-6.02850968,-5.92513799,135.5,510.45,12.79,12.9,3.0,1.31
1.0,56.5,56.5,854.5999999999999,0.05,3.0,0.0,147.0,5300.0,139.0,63.0,-6.02850968,0.61,0.1404171810681003,139.0,6.0,3.0,-6.02850968,-5.92513799,139.0,590.4,15.38,4.000000000000001,18.0,1.371
1.0,55.0,55.0,708.5999999999999,0.05,3.5,0.0,71.0,8800.0,141.0,63.0,-6.02850968,0.635,2.641669473582601,139.0,5.0,3.5,-6.02850968,-5.92513799,141.0,690.1,16.625,1.5000000000000009,28.0,1.4045
1.0,62.0,62.0,313.4000000000001,0.04,1.5,0.0645672,33.0,1500.0,132.5,63.0,-6.02850968,0.6599999999999999,4.4191790650291,126.0,4.0,1.5,-6.02850968,-5.92513799,132.5,510.45,12.7,4.6,12.0,1.313
1.0,60.0,60.0,1264.6,0.44,2.5,0.0,375.0,9100.0,137.0,63.0,-6.02850968,0.63,1.3767658386442,135.0,8.0,2.5,-6.02850968,-5.92513799,137.0,627.6,14.825,3.700000000000001,8.0,1.36
0.0,62.5,62.5,213.3500000000001,0.0099999999999999,0.5,0.0,48.0,8000.0,140.5,63.0,-6.02850968,0.635,0.6620772381705002,139.0,4.0,0.5,-6.02850968,-5.92513799,140.5,510.45,14.77,3.0,3.0,1.3775
1.0,58.5,58.5,1417.6,0.0949999999999999,3.0,0.0,286.0,3300.0,138.0,63.0,-6.02850968,0.5800000000000001,0.6501292771207012,137.0,7.0,3.0,-6.02850968,-5.92513799,138.0,707.1,14.935,2.6000000000000005,15.0,1.375
1.0,61.0,61.0,195.5999999999999,0.25,1.5,0.3703569,155.0,8000.0,135.5,63.0,-6.02850968,0.65,1.6349536959867006,132.0,6.0,1.5,-6.02850968,-5.92513799,135.5,510.45,14.505,0.6000000000000014,6.0,1.3624999999999998
1.0,59.5,59.5,565.5999999999999,0.35,2.0,5.73e-05,255.0,8000.0,136.5,63.0,-6.02850968,0.625,1.7925890974341012,134.0,8.0,2.0,-6.02850968,-5.92513799,136.5,567.77,14.49,2.4000000000000004,10.0,1.3525
1.0,37.0,37.0,227.4000000000001,0.085,5.0,0.0,95.0,4500.0,150.5,63.0,-6.02850968,0.69,9.648847411857398,139.0,4.0,5.0,-6.02850968,-5.92513799,150.5,510.45,18.635,1.1999999999999993,34.0,1.493
1.0,55.5,55.5,1248.6,0.05,4.0,0.0,8.0,4800.0,142.0,63.0,-6.02850968,0.635,2.6862660524496977,139.0,5.0,4.0,-6.02850968,-5.92513799,142.0,737.0,16.595,2.500000000000001,34.0,1.4049999999999998
1.0,58.0,58.0,388.5999999999999,0.105,3.0,0.0,205.0,9100.0,137.5,63.0,-6.02850968,0.595,1.2094519982075005,136.0,7.0,3.0,-6.02850968,-5.92513799,137.5,510.45,14.755,0.8000000000000007,11.0,1.369
1.0,53.0,53.0,100.40000000000008,0.0999999999999999,4.5,0.0,65.0,1600.0,140.5,63.0,-6.02850968,0.62,2.2758536520719,139.0,4.0,4.5,-6.02850968,-5.92513799,140.5,510.45,15.955,0.200000000000001,24.0,1.414
1.0,54.5,54.5,141.5999999999999,0.05,4.0,0.0,46.0,3400.0,136.5,63.0,-6.02850968,0.585,1.5155652857540003,134.0,5.0,4.0,-6.02850968,-5.92513799,136.5,510.45,14.04,0.4000000000000003,17.0,1.3504999999999998
1.0,57.0,57.0,1653.6,0.05,3.5,0.0,226.0,4300.0,137.0,63.0,-6.02850968,0.615,0.4982709172608999,135.0,6.0,3.5,-6.02850968,-5.92513799,137.0,510.45,15.56,4.300000000000001,26.0,1.375
1.0,37.5,37.5,242.4000000000001,0.115,5.0,0.0,110.6,2600.0,159.0,63.0,-6.02850968,0.825,17.652749375785405,139.0,4.0,5.0,-6.02850968,-5.92513799,159.0,510.45,23.8,2.5,54.0,1.595
0.0,66.0,66.0,1348.7200000000005,0.15,0.5,0.0,80.0,1900.0,139.5,69.0,-6.02850968,0.685,0.1547797719317003,139.0,4.0,0.5,-6.02850968,-5.92513799,139.5,510.45,14.615,21.4,14.0,1.356
1.0,53.5,53.5,86.59999999999991,0.495,4.5,0.0,81.0,2600.0,148.5,63.0,-6.02850968,0.735,7.905479762457299,139.0,4.0,4.5,-6.02850968,-5.92513799,148.5,590.5,18.91,3.1000000000000005,39.0,1.49
6.0,51.0,51.0,0.0,0.0,6.0,0.0,0.0,4300.0,135.0,51.0,-12.95880062,0.6,0.0,135.0,6.0,6.0,-12.95880062,-12.95880062,135.0,422.58,16.05,0.0,0.0,1.37
0.0,58.0,58.0,2460.07,0.0,3.0,0.0,321.0,1400.0,139.5,65.0,-12.95880062,0.875,1.2169135258957002,135.0,6.0,3.0,-12.95880062,-12.95880062,139.5,422.58,16.125,14.4,17.0,1.407
0.0,62.0,62.0,2761.53,0.0,3.0,0.0,330.5,1000.0,138.0,73.0,-12.95880062,0.5700000000000001,0.7356900935147994,135.0,6.0,3.0,-12.95880062,-12.95880062,138.0,422.58,16.485,18.6,41.0,1.4
0.0,67.5,67.5,2605.0,0.0,3.0,0.0,362.0,4000.0,125.0,84.0,-12.95880062,0.59,5.865231313182898,115.0,6.0,3.0,-12.95880062,-12.95880062,125.0,422.58,17.53,10.9,43.0,1.38
0.0,58.5,58.5,2357.67,0.0,3.0,0.0,322.7,1000.0,139.0,66.0,-12.95880062,0.725,1.0883291924853982,135.0,6.0,3.0,-12.95880062,-12.95880062,139.0,422.58,16.39,9.7,26.0,1.406
0.0,29.0,29.0,2580.0,0.0,3.0,0.0,380.0,1500.0,168.0,51.0,-12.95880062,0.8,27.078452878476497,135.0,6.0,3.0,-12.95880062,-12.95880062,168.0,422.58,26.435,17.8,14.0,1.67
0.0,60.5,60.5,3100.78,0.0,3.0,0.0,339.0,1300.0,146.0,70.0,-12.95880062,0.7749999999999999,5.721291031799899,135.0,6.0,3.0,-12.95880062,-12.95880062,146.0,422.58,17.85,26.3,18.0,1.4295
3.0,54.5,54.5,1927.0,0.0,4.5,1.6840372,193.0,2700.0,130.0,58.0,-12.95880062,0.625,4.8628737408819,125.0,6.0,4.5,-12.95880062,-12.95880062,130.0,422.58,13.245,8.5,36.0,1.3115
5.0,50.0,50.0,1515.0,0.0,5.5,0.0,142.0,4100.0,132.5,51.0,-12.95880062,0.61,3.7657969501015,130.0,6.0,5.5,-12.95880062,-12.95880062,132.5,422.58,13.61,0.4000000000000003,23.0,1.3095
0.0,57.5,57.5,2337.23,0.0,3.0,0.0,277.0,1500.0,130.5,64.0,-12.95880062,0.665,4.028792492095201,126.0,6.0,3.0,-12.95880062,-12.95880062,130.5,422.58,13.565,12.0,30.0,1.324
4.0,53.0,53.0,1884.0,0.0,5.0,2.1106628,190.0,1400.0,130.0,55.0,-12.95880062,0.575,4.081369454452801,125.0,6.0,5.0,-12.95880062,-12.95880062,130.0,422.58,13.39,7.300000000000001,30.0,1.3055
0.0,62.5,62.5,3392.09,0.0,3.0,0.0,390.0,1900.0,134.5,74.0,-12.95880062,0.61,3.7517790590873,134.0,6.0,3.0,-12.95880062,-12.95880062,134.5,422.58,16.995,15.2,40.0,1.39
0.0,65.0,65.0,2483.6,0.0,3.0,0.0,286.0,1900.0,124.5,79.0,-12.95880062,0.565,6.802241958363501,114.0,6.0,3.0,-12.95880062,-12.95880062,124.5,422.58,17.435000000000002,1.2000000000000002,42.0,1.37
6.0,48.0,48.0,1189.0,0.0,7.0,0.0,262.0,2600.0,146.5,51.0,-12.95880062,0.715,6.4099767704457005,135.0,6.0,7.0,-12.95880062,-12.95880062,146.5,661.07,18.96,1.4000000000000004,13.0,1.467
0.0,61.0,61.0,3460.68,0.0,3.0,0.0,379.0,3100.0,143.5,71.0,-12.95880062,0.81,8.7530076456351,135.0,6.0,3.0,-12.95880062,-12.95880062,143.5,422.58,19.19,44.5,30.0,1.485
0.0,63.0,63.0,3265.25,0.0,3.0,0.0,387.0,2000.0,145.0,75.0,-12.95880062,0.7,10.2239237363936,135.0,6.0,3.0,-12.95880062,-12.95880062,145.0,422.58,20.24,27.6,20.0,1.515
0.0,59.5,59.5,2772.0,0.0,3.0,0.0,356.6,500.0,147.5,68.0,-12.95880062,0.6599999999999999,7.363558671631599,135.0,6.0,3.0,-12.95880062,-12.95880062,147.5,422.58,19.465,20.3,21.0,1.485
5.0,51.5,51.5,2176.0,0.0,5.5,0.8185729,203.0,1800.0,133.5,52.0,-12.95880062,0.635,3.6460299583966,132.0,7.0,5.5,-12.95880062,-12.95880062,133.5,422.58,13.28,17.2,23.0,1.3050000000000002
5.0,50.5,50.5,799.0,0.0,5.5,0.0,79.0,4300.0,137.0,51.0,-12.95880062,0.595,0.3578537361927996,135.0,6.0,5.5,-12.95880062,-12.95880062,137.0,590.4,15.87,0.2999999999999998,8.0,1.366
2.0,56.0,56.0,1967.0,0.0,4.0,0.0645672,193.0,1500.0,130.5,61.0,-12.95880062,0.645,4.91744998229,126.0,6.0,4.0,-12.95880062,-12.95880062,130.5,422.58,13.19,8.9,38.0,1.308
0.0,67.0,67.0,3377.7,0.0,3.0,0.0,396.0,4300.0,118.5,83.0,-12.95880062,0.385,12.3553873926461,102.0,6.0,3.0,-12.95880062,-12.95880062,118.5,422.58,15.105,122.5,55.0,1.3250000000000002
0.0,56.5,56.5,1866.95,0.0,3.0,0.0,274.0,4300.0,138.5,62.0,-12.95880062,0.62,1.1603481554314,135.0,6.0,3.0,-12.95880062,-12.95880062,138.5,422.58,15.260000000000002,7.300000000000001,23.0,1.3725
1.0,57.0,57.0,1653.6,0.0,3.5,0.0,226.0,4300.0,137.0,63.0,-12.95880062,0.615,0.4982709172608999,135.0,6.0,3.5,-12.95880062,-12.95880062,137.0,510.45,15.56,4.300000000000001,26.0,1.375
2.0,55.0,55.0,1458.0,0.0,4.0,0.3703569,71.0,4300.0,133.5,59.0,-12.95880062,0.635,2.1332246132476005,132.0,6.0,4.0,-12.95880062,-12.95880062,133.5,495.39,14.995,3.6999999999999993,20.0,1.3575
3.0,53.5,53.5,1088.0,0.0,4.5,5.73e-05,29.0,4300.0,134.5,56.0,-12.95880062,0.61,2.290860014695001,134.0,8.0,4.5,-12.95880062,-12.95880062,134.5,567.77,14.98,1.9000000000000004,16.0,1.3475
6.0,31.0,31.0,1881.0,0.0,7.5,0.0,321.0,4300.0,148.5,51.0,-12.95880062,0.675,9.150576494596498,135.0,6.0,7.5,-12.95880062,-12.95880062,148.5,422.58,19.125,5.5,8.0,1.488
0.0,64.5,64.5,2008.0,0.0,3.0,0.0,239.0,1000.0,122.5,78.0,-12.95880062,0.43,4.157643292617701,110.0,6.0,3.0,-12.95880062,-12.95880062,122.5,422.58,15.33,1.9,51.0,1.3450000000000002
0.0,29.5,29.5,2645.0,0.0,3.0,0.0,386.0,3000.0,173.5,51.0,-12.95880062,0.93,39.4643963525113,135.0,6.0,3.0,-12.95880062,-12.95880062,173.5,422.58,34.48,18.0,33.0,1.76
0.0,63.5,63.5,3118.0,0.0,3.0,0.0,389.0,4300.0,153.5,76.0,-12.95880062,1.095,12.7821421369131,135.0,6.0,3.0,-12.95880062,-12.95880062,153.5,422.58,21.15,25.4,17.0,1.54
6.0,48.5,48.5,1512.0,0.0,6.5,0.0,272.0,3400.0,134.5,51.0,-12.95880062,0.5700000000000001,2.0138362030149004,134.0,6.0,6.5,-12.95880062,-12.95880062,134.5,446.7,14.53,3.9,9.0,1.3455
6.0,31.5,31.5,1896.0,0.0,7.5,0.0,336.6,2600.0,157.0,51.0,-12.95880062,0.81,17.1544784585245,135.0,6.0,7.5,-12.95880062,-12.95880062,157.0,422.58,24.29,6.800000000000001,28.0,1.59
0.0,60.0,60.0,3002.32,0.0,3.0,0.0,306.0,1900.0,137.5,69.0,-12.95880062,0.6699999999999999,0.6530506891926002,135.0,6.0,3.0,-12.95880062,-12.95880062,137.5,422.58,15.105,25.7,40.0,1.351
6.0,47.5,47.5,1567.0,0.0,7.0,0.0,307.0,2600.0,146.5,51.0,-12.95880062,0.72,7.407208845196399,135.0,6.0,7.0,-12.95880062,-12.95880062,146.5,590.5,19.4,1.2000000000000002,13.0,1.485
8.0,44.0,44.0,0.0,0.0,8.0,0.0,0.0,2600.0,158.0,44.0,-8.545958555,0.84,0.0,158.0,4.0,8.0,-8.545958555,-8.46727487,158.0,590.5,22.75,0.0,0.0,1.6
5.0,46.5,46.5,52.0,0.0,6.5,0.0,165.0,2600.0,144.0,49.0,-8.545958555,0.73,11.1730057952979,130.0,6.0,6.5,-8.545958555,-8.46727487,144.0,590.5,16.96,0.7999999999999998,36.0,1.4245
0.0,54.0,54.0,770.23,0.0,4.0,0.0,30.0,1500.0,142.0,64.0,-8.545958555,0.7849999999999999,11.4360013372916,126.0,4.0,4.0,-8.545958555,-8.46727487,142.0,590.5,16.915,10.8,43.0,1.439
7.0,45.0,45.0,55.0,0.0,7.5,0.0,35.0,2600.0,146.0,46.0,-8.545958555,0.69,9.4210450482113,134.0,5.0,7.5,-8.545958555,-8.46727487,146.0,590.5,17.88,2.7,22.0,1.4605
0.0,56.5,56.5,1435.3200000000002,0.0,4.0,0.0,1.0,1900.0,149.0,69.0,-8.545958555,0.79,8.060259534389,140.0,4.0,4.0,-8.545958555,-8.46727487,149.0,590.5,18.455,24.5,53.0,1.4660000000000002
5.0,47.0,47.0,768.0,0.0,6.5,0.0,228.0,2600.0,148.5,50.0,-8.545958555,0.715,7.7650625813891985,139.0,6.0,6.5,-8.545958555,-8.46727487,148.5,590.5,19.22,0.9000000000000004,21.0,1.481
6.0,47.5,47.5,1567.0,0.0,7.0,0.0,307.0,2600.0,146.5,51.0,-8.545958555,0.72,7.407208845196399,135.0,6.0,7.0,-8.545958555,-8.46727487,146.5,590.5,19.4,1.2000000000000002,13.0,1.485
0.0,58.5,58.5,1194.53,0.0,4.0,0.0,23.5,1000.0,149.5,73.0,-8.545958555,0.69,6.6715187516816,141.0,4.0,4.0,-8.545958555,-8.46727487,149.5,590.5,19.835,17.400000000000002,54.0,1.515
0.0,55.0,55.0,790.6700000000001,0.0,4.0,0.0,15.700000000000005,1000.0,150.5,66.0,-8.545958555,0.845,6.318879652711001,143.0,4.0,4.0,-8.545958555,-8.46727487,150.5,590.5,19.74,8.5,39.0,1.521
0.0,54.5,54.5,893.0699999999999,0.0,4.0,0.0,14.0,1400.0,151.0,65.0,-8.545958555,0.995,6.190295319300699,144.0,4.0,4.0,-8.545958555,-8.46727487,151.0,590.5,19.475,13.2,30.0,1.522
6.0,45.5,45.5,622.0,0.0,7.0,0.0,10.0,2600.0,150.5,47.0,-8.545958555,0.74,5.263810288874698,143.0,5.0,7.0,-8.545958555,-8.46727487,150.5,690.1,20.465,1.5999999999999996,11.0,1.5145
7.0,46.0,46.0,1162.0,0.0,7.5,0.0,89.0,2600.0,151.5,48.0,-8.545958555,0.74,5.219213710007601,145.0,5.0,7.5,-8.545958555,-8.46727487,151.5,737.0,20.435,0.5999999999999996,5.0,1.515
8.0,43.5,43.5,187.0,0.0,8.0,0.0,16.0,1600.0,150.0,44.0,-8.545958555,0.725,5.629626110385399,142.0,4.0,8.0,-8.545958555,-8.46727487,150.0,590.5,19.795,2.8999999999999995,15.0,1.524
8.0,44.5,44.5,378.0,0.0,8.0,0.0,45.0,2600.0,158.0,45.0,-8.545958555,0.835,0.9972320747506984,158.0,4.0,8.0,-8.545958555,-8.46727487,158.0,661.07,22.31,0.2000000000000001,0.0,1.582
0.0,62.0,62.0,1622.92,0.0,4.0,0.0,44.0,1600.0,156.5,80.0,-8.545958555,0.7749999999999999,3.7008419928731016,155.0,4.0,4.0,-8.545958555,-8.46727487,156.5,590.5,23.99,16.3,36.0,1.61
