Site2_MeltingT,Site1_NdValence,Site2_GSestFCClatcnt,AtomicRadii_min_value,ElectricalConductivity_min_value,Site2_BCCenergy_pa,NdUnfilled_composition_average,Row_max_value,SecondIonizationEnergy_max_value,NdValence_difference,Site2_Column,Site2_NdUnfilled,Site2_GSenergy_pa,valence_composition_average,Site2_CovalentRadii,ThermalExpansionCoefficient_min_value,HeatFusion_composition_average,Site2_HeatFusion,NdUnfilled_max_value,n_ws^third_max_value,HeatFusion_min_value,IonicRadii_min_value,Site2_SpaceGroupNumber,Site2_NdValence,Material compositions 1,Material compositions 2,E_regression,E_regression_shift,group
1234.93,10.0,4.027313074,1.444,62.9,-2.71997917,0.0,5.0,21.49,0.0,11.0,0.0,-2.76539356,2.0,1.34,18.9,11.3,11.3,0.0,1.36,11.3,1.15,225.0,10.0,Ag,Ag,1.8245,0.0,noble-metal
1768.0,10.0,3.447656463,1.253,17.9,-6.98008657,1.5,5.0,21.49,3.0,9.0,3.0,-7.080389145,2.5,1.16,13.0,13.75,16.2,3.0,1.75,11.3,0.65,194.0,7.0,Ag,Co,1.734358324,-0.090141676,noble-metal
2180.0,10.0,3.550558664,1.249,7.9,-9.50480758,2.5,5.0,21.49,5.0,6.0,5.0,-9.50571654,4.0,1.18,4.9,16.15,21.0,5.0,1.73,11.3,0.62,229.0,5.0,Ag,Cr,2.083638544,0.259138544,noble-metal
1357.77,10.0,3.537821124,1.278,60.7,-3.64288728,0.0,5.0,21.49,0.0,11.0,0.0,-3.68065482,2.0,1.17,16.5,12.45,13.6,0.0,1.47,11.3,0.73,225.0,10.0,Ag,Cu,1.802299595,-0.022200405,noble-metal
1811.0,10.0,3.501224062,1.241,11.2,-8.28548436,2.0,5.0,21.49,4.0,8.0,4.0,-8.28548436,4.0,1.17,11.8,12.555,13.81,4.0,1.77,11.3,0.55,229.0,6.0,Ag,Fe,2.142172341,0.317672341,noble-metal
1519.0,10.0,3.474656242,1.24,0.5,-8.87041076,2.5,5.0,21.49,5.0,7.0,5.0,-9.02056525,4.5,1.17,18.9,12.105,12.91,5.0,1.61,11.3,0.67,217.0,5.0,Ag,Mn,2.026685741,0.202185741,noble-metal
1728.0,10.0,3.456049039,1.246,14.6,-5.43913904,1.0,5.0,21.49,2.0,10.0,2.0,-5.54632457,2.5,1.15,13.4,14.39,17.48,2.0,1.75,11.3,0.69,225.0,8.0,Ag,Ni,2.075071478,0.250571478,noble-metal
1814.0,10.0,4.463741557,1.444,1.5,-6.17209116,4.5,5.0,21.49,9.0,3.0,9.0,-6.28551309,2.5,1.44,10.0,12.7,14.1,9.0,1.36,11.3,0.75,194.0,1.0,Ag,Sc,1.823068663,-0.001431337,noble-metal
1941.0,10.0,4.056692689,1.444,2.6,-7.66126811,4.0,5.0,21.49,8.0,4.0,8.0,-7.77522712,3.0,1.32,8.6,12.725,14.15,8.0,1.52,11.3,0.61,194.0,2.0,Ag,Ti,1.989468058,0.164968058,noble-metal
2183.0,10.0,3.733467966,1.321,4.0,-8.93926069,3.5,5.0,21.49,7.0,5.0,7.0,-8.93926069,3.5,1.22,8.4,16.4,21.5,7.0,1.64,11.3,0.54,229.0,3.0,Ag,V,2.072663228,0.248163228,noble-metal
692.68,10.0,3.822215211,1.332,16.9,-1.1570915,0.0,5.0,21.49,0.0,12.0,0.0,-1.239999915,2.0,1.25,18.9,9.184,7.068,0.0,1.36,7.068,0.74,194.0,10.0,Ag,Zn,1.677523767,-0.146976233,noble-metal
933.47,0.0,4.039606536,1.43,37.7,-3.65018713,0.0,3.0,18.828,0.0,13.0,0.0,-3.74542312,3.0,1.18,23.1,10.71,10.71,0.0,1.39,10.71,0.54,225.0,0.0,Al,Al,1.2661,0.0,non-transition-metal
1234.93,0.0,4.027313074,1.43,37.7,-2.71997917,0.0,5.0,21.49,0.0,11.0,0.0,-2.76539356,2.5,1.34,18.9,11.005,11.3,0.0,1.39,10.71,0.54,225.0,10.0,Al,Ag,1.14107,-0.12503,non-transition-metal
1090.0,0.0,4.459722881,1.39,3.8,-4.21496399,0.0,4.0,18.828,0.0,15.0,0.0,-4.650889115,4.0,1.2,15.4,17.575,24.44,0.0,1.44,10.71,0.54,166.0,10.0,Al,As,1.12367,-0.14243,non-transition-metal
1337.33,0.0,4.057502731,1.43,37.7,-3.18445282,0.0,6.0,20.521,0.0,11.0,0.0,-3.20969261,3.0,1.34,14.2,11.63,12.55,0.0,1.57,10.71,0.54,225.0,10.0,Al,Au,1.04139,-0.22471,non-transition-metal
544.4,0.0,5.089070533,1.43,0.9,-3.89538374,0.0,6.0,18.828,0.0,15.0,0.0,-3.9736944,4.0,1.46,13.4,10.908,11.106,0.0,1.39,10.71,0.54,12.0,10.0,Al,Bi,0.91207,-0.35403,non-transition-metal
1115.0,0.0,5.326014266,1.43,31.3,-1.92725921,0.0,4.0,18.828,0.0,2.0,0.0,-1.948329565,2.5,1.74,22.3,9.625,8.54,0.0,1.39,8.54,0.54,225.0,0.0,Al,Ca,1.07345,-0.19265,non-transition-metal
594.22,0.0,4.272293466,1.43,14.7,-0.74033904,0.0,5.0,18.828,0.0,12.0,0.0,-0.812174225,2.5,1.41,23.1,8.46,6.21,0.0,1.39,6.21,0.54,194.0,10.0,Al,Cd,1.16099,-0.10511,non-transition-metal
1071.0,0.0,5.300984746,1.43,1.4,-4.65518148,4.5,6.0,18.828,0.0,3.0,9.0,-4.77656965,3.5,1.65,5.2,8.085,5.46,9.0,1.39,5.46,0.54,194.0,1.0,Al,Ce,0.93351,-0.33259,non-transition-metal
1768.0,0.0,3.447656463,1.253,17.9,-6.98008657,1.5,4.0,18.828,0.0,9.0,3.0,-7.080389145,3.0,1.16,13.0,13.455,16.2,3.0,1.75,10.71,0.54,194.0,7.0,Al,Co,2.0104,0.7443,non-transition-metal
2180.0,0.0,3.550558664,1.249,7.9,-9.50480758,2.5,4.0,18.828,0.0,6.0,5.0,-9.50571654,4.5,1.18,4.9,15.855,21.0,5.0,1.73,10.71,0.54,229.0,5.0,Al,Cr,2.1762,0.9101,non-transition-metal
1357.77,0.0,3.537821124,1.278,37.7,-3.64288728,0.0,4.0,20.292,0.0,11.0,0.0,-3.68065482,2.5,1.17,16.5,12.155,13.6,0.0,1.47,10.71,0.54,225.0,10.0,Al,Cu,1.19608,-0.07002,non-transition-metal
1770.0,0.0,4.964278739,1.43,1.2,-4.42187783,0.0,6.0,18.828,0.0,3.0,0.0,-4.563633745,3.0,1.57,9.4,15.305,19.9,0.0,1.39,10.71,0.54,194.0,0.0,Al,Er,1.16273,-0.10337,non-transition-metal
1811.0,0.0,3.501224062,1.241,11.2,-8.28548436,2.0,4.0,18.828,0.0,8.0,4.0,-8.28548436,4.5,1.17,11.8,12.26,13.81,4.0,1.77,10.71,0.54,229.0,6.0,Al,Fe,2.1438,0.8777,non-transition-metal
302.91,0.0,4.225207441,1.41,1.8,-2.97839076,0.0,4.0,20.51,0.0,13.0,0.0,-3.012255303,3.0,1.26,19.7,8.1475,5.585,0.0,1.39,5.585,0.54,64.0,10.0,Al,Ga,1.18849,-0.07761,non-transition-metal
1211.4,0.0,4.514684539,1.37,3e-06,-4.27836489,0.0,4.0,18.828,0.0,14.0,0.0,-4.616039545,3.5,1.22,5.7,23.825,36.94,0.0,1.39,10.71,0.53,225.0,10.0,Al,Ge,1.15506,-0.11104,non-transition-metal
2506.0,0.0,4.461398209,1.43,3.4,-9.77464936,4.0,6.0,18.828,0.0,4.0,8.0,-9.954299335,3.5,1.44,5.9,18.955,27.2,8.0,1.45,10.71,0.54,194.0,2.0,Al,Hf,2.06319,0.79709,non-transition-metal
234.32,0.0,4.656246199,1.43,1.0,-0.15983096,0.0,6.0,18.828,0.0,12.0,0.0,-0.250105562,2.5,1.49,23.1,6.5025,2.295,0.0,1.39,2.295,0.54,166.0,10.0,Al,Hg,1.08586,-0.18024,non-transition-metal
429.75,0.0,4.595332379,1.43,3.4,-2.65390512,0.0,5.0,18.869,0.0,13.0,0.0,-2.66680196,3.0,1.44,23.1,7.0005,3.291,0.0,1.39,3.291,0.54,139.0,10.0,Al,In,1.10136,-0.16474,non-transition-metal
2739.0,0.0,3.84489682,1.357,21.3,-8.22715557,1.5,6.0,18.828,0.0,9.0,3.0,-8.84851145,3.0,1.27,6.4,25.915,41.12,3.0,1.83,10.71,0.54,225.0,7.0,Al,Ir,2.2252,0.9591,non-transition-metal
1193.0,0.0,5.28468344,1.43,1.9,-4.79586452,4.5,6.0,18.828,0.0,3.0,9.0,-4.927546185,3.0,1.25,5.2,8.455,6.2,9.0,1.39,6.2,0.54,194.0,1.0,Al,La,0.77761,-0.48849,non-transition-metal
923.0,0.0,4.50714913,1.43,22.4,-1.51367083,0.0,3.0,18.828,0.0,2.0,0.0,-1.54227231,2.5,1.36,23.1,9.595,8.48,0.0,1.39,8.48,0.54,194.0,0.0,Al,Mg,1.24671,-0.01939,non-transition-metal
1519.0,0.0,3.474656242,1.24,0.5,-8.87041076,2.5,4.0,18.828,0.0,7.0,5.0,-9.02056525,5.0,1.17,21.7,11.81,12.91,5.0,1.61,10.71,0.54,217.0,5.0,Al,Mn,1.9213,0.6552,non-transition-metal
2896.0,0.0,3.973998007,1.362,17.3,-10.84610777,2.5,5.0,18.828,0.0,6.0,5.0,-10.84610777,4.5,1.3,4.8,24.095,37.48,5.0,1.77,10.71,0.54,229.0,5.0,Al,Mo,3.0262,1.7601,non-transition-metal
370.87,0.0,4.890601634,1.43,20.1,-1.2544847,0.0,3.0,47.286,0.0,1.0,0.0,-1.260241383,2.0,1.54,23.1,6.655,2.6,0.0,1.39,2.6,0.54,229.0,0.0,Al,Na,1.19687,-0.06923,non-transition-metal
2750.0,0.0,4.173988903,1.429,6.6,-10.09332153,3.0,5.0,18.828,0.0,5.0,6.0,-10.09332153,4.0,1.34,7.3,20.355,30.0,6.0,1.64,10.71,0.54,229.0,4.0,Al,Nb,2.667,1.4009,non-transition-metal
1294.0,0.0,5.183081107,1.43,1.6,-4.6307523,0.0,6.0,18.828,0.0,3.0,0.0,-4.76235134,3.0,1.64,6.9,8.925,7.14,0.0,1.39,7.14,0.54,194.0,0.0,Al,Nd,0.9308,-0.3353,non-transition-metal
1728.0,0.0,3.456049039,1.246,14.6,-5.43913904,1.0,4.0,18.828,0.0,10.0,2.0,-5.54632457,3.0,1.15,13.4,14.095,17.48,2.0,1.75,10.71,0.54,225.0,8.0,Al,Ni,1.59959,0.33349,non-transition-metal
3306.0,0.0,3.834043137,1.34,12.3,-10.33236566,2.0,6.0,18.828,0.0,8.0,4.0,-11.22070399,5.5,1.26,5.1,34.28,57.85,4.0,1.85,10.71,0.54,194.0,6.0,Al,Os,2.8061,1.54,non-transition-metal
317.3,0.0,4.486063093,1.28,1e-16,-4.6830362,0.0,3.0,19.725,0.0,15.0,0.0,-5.400509043,4.0,1.06,23.1,14.625,18.54,0.0,1.65,10.71,0.17,2.0,0.0,Al,P,1.03897,-0.22713,non-transition-metal
600.61,0.0,4.826588558,1.43,4.8,-3.58277457,0.0,6.0,18.828,0.0,14.0,0.0,-3.62902961,3.5,1.47,23.1,7.742,4.774,0.0,1.39,4.774,0.54,225.0,10.0,Al,Pb,0.94554,-0.32056,non-transition-metal
1828.05,0.0,3.862851303,1.375,10.0,-5.0910129,0.0,5.0,19.63,0.0,10.0,0.0,-5.13777457,3.5,1.28,11.8,13.725,16.74,0.0,1.67,10.71,0.54,225.0,10.0,Al,Pd,1.52261,0.25651,non-transition-metal
2041.4,0.0,3.91660681,1.38,9.4,-5.92513799,0.5,6.0,18.828,0.0,10.0,1.0,-6.02850968,3.5,1.3,8.8,16.4425,22.175,1.0,1.78,10.71,0.54,225.0,9.0,Al,Pt,1.60389,0.33779,non-transition-metal
3459.0,0.0,3.884620563,1.37,5.8,-12.10177805,2.5,6.0,18.828,0.0,7.0,5.0,-12.41702777,5.0,1.28,6.2,22.395,34.08,5.0,1.85,10.71,0.53,194.0,5.0,Al,Re,3.189,1.9229,non-transition-metal
2237.0,0.0,3.79278409,1.345,23.0,-6.90998391,1.0,5.0,18.828,0.0,9.0,2.0,-7.25364552,4.5,1.25,8.2,18.65,26.59,2.0,1.76,10.71,0.54,225.0,8.0,Al,Rh,2.0685,0.8024,non-transition-metal
2607.0,0.0,3.780696194,1.325,14.9,-8.57093238,1.5,5.0,18.828,0.0,8.0,3.0,-9.19463357,5.5,1.25,6.4,24.65,38.59,3.0,1.83,10.71,0.54,194.0,7.0,Al,Ru,2.5963,1.3302,non-transition-metal
388.36,0.0,4.689784664,1.27,5e-16,-3.00278915,0.0,3.0,23.33,0.0,16.0,0.0,-4.097216719,4.5,1.02,23.1,6.2155,1.721,0.0,1.39,1.721,0.29,70.0,0.0,Al,S,1.11138,-0.15472,non-transition-metal
903.78,0.0,5.016478962,1.43,2.6,-3.88991513,0.0,5.0,18.828,0.0,15.0,0.0,-4.11736234,4.0,1.4,11.0,15.25,19.79,0.0,1.39,10.71,0.54,166.0,10.0,Al,Sb,1.02572,-0.24038,non-transition-metal
1814.0,0.0,4.463741557,1.43,1.5,-6.17209116,4.5,4.0,18.828,0.0,3.0,9.0,-6.28551309,3.0,1.44,10.0,12.405,14.1,9.0,1.39,10.71,0.54,194.0,1.0,Al,Sc,1.56769,0.30159,non-transition-metal
494.0,0.0,4.697841169,1.4,8.0,-2.90074111,0.0,4.0,21.19,0.0,16.0,0.0,-3.47079191,4.5,1.16,23.1,8.7,6.69,0.0,1.39,6.69,0.5,14.0,10.0,Al,Se,0.82351,-0.44259,non-transition-metal
1687.0,0.0,4.340238825,1.32,0.0004,-4.90201039,0.0,3.0,18.828,0.0,14.0,0.0,-5.424918005,3.5,1.11,2.6,30.46,50.21,0.0,1.5,10.71,0.26,227.0,0.0,Al,Si,1.11237,-0.15373,non-transition-metal
505.08,0.0,5.106259136,1.43,8.7,-3.89492544,0.0,5.0,18.828,0.0,14.0,0.0,-3.96104709,3.5,1.41,22.0,8.93,7.15,0.0,1.39,7.15,0.54,141.0,10.0,Al,Sn,1.0706,-0.1955,non-transition-metal
3290.0,0.0,4.169391995,1.43,8.1,-11.85139954,3.5,6.0,18.828,0.0,5.0,7.0,-11.85139954,4.0,1.34,6.3,23.64,36.57,7.0,1.63,10.71,0.54,229.0,3.0,Al,Ta,2.782,1.5159,non-transition-metal
2430.0,0.0,3.851649375,1.358,0.001,-10.09176138,2.5,5.0,18.828,0.0,7.0,5.0,-10.3551512,5.0,1.27,8.0,22.0,33.29,5.0,1.81,10.71,0.54,194.0,5.0,Al,Tc,2.9744,1.7083,non-transition-metal
722.66,0.0,5.180763906,1.43,0.0002,-2.83411842,0.0,5.0,18.828,0.0,16.0,0.0,-3.141302507,4.5,1.36,18.8,14.045,17.38,0.0,1.39,10.71,0.54,152.0,10.0,Al,Te,0.90478,-0.36132,non-transition-metal
1941.0,0.0,4.056692689,1.43,2.6,-7.66126811,4.0,4.0,18.828,0.0,4.0,8.0,-7.77522712,3.5,1.32,8.6,12.43,14.15,8.0,1.52,10.71,0.54,194.0,2.0,Al,Ti,2.20739,0.94129,non-transition-metal
577.0,0.0,4.756905929,1.43,5.6,-2.25289773,0.0,6.0,20.428,0.0,13.0,0.0,-2.27267753,3.0,1.48,23.1,7.426,4.142,0.0,1.39,4.142,0.54,194.0,10.0,Al,Tl,0.98934,-0.27676,non-transition-metal
2183.0,0.0,3.733467966,1.321,4.0,-8.93926069,3.5,4.0,18.828,0.0,5.0,7.0,-8.93926069,4.0,1.22,8.4,16.105,21.5,7.0,1.64,10.71,0.54,229.0,3.0,Al,V,2.6073,1.3412,non-transition-metal
3695.0,0.0,4.004162334,1.37,18.2,-12.95880062,3.0,6.0,18.828,0.0,6.0,6.0,-12.95880062,4.5,1.3,4.5,31.51,52.31,6.0,1.81,10.71,0.54,229.0,4.0,Al,W,3.2023,1.9362,non-transition-metal
1799.0,0.0,5.058773104,1.43,1.8,-6.34029752,4.5,5.0,18.828,0.0,3.0,9.0,-6.464599775,3.0,1.62,11.3,11.05,11.39,9.0,1.39,10.71,0.54,194.0,1.0,Al,Y,1.11612,-0.14998,non-transition-metal
692.68,0.0,3.822215211,1.332,16.9,-1.1570915,0.0,4.0,18.828,0.0,12.0,0.0,-1.239999915,2.5,1.25,23.1,8.889,7.068,0.0,1.39,7.068,0.54,194.0,10.0,Al,Zn,1.18119,-0.08491,non-transition-metal
2128.0,0.0,4.527079516,1.43,2.3,-8.46727487,4.0,5.0,18.828,0.0,4.0,8.0,-8.545958555,3.5,1.45,5.7,15.855,21.0,8.0,1.41,10.71,0.54,194.0,2.0,Al,Zr,1.92223,0.65613,non-transition-metal
1337.33,10.0,4.057502731,1.442,48.8,-3.18445282,0.0,6.0,20.521,0.0,11.0,0.0,-3.20969261,3.0,1.34,14.2,12.55,12.55,0.0,1.57,12.55,0.85,225.0,10.0,Au,Au,1.7847,0.0,noble-metal
1234.93,10.0,4.027313074,1.442,48.8,-2.71997917,0.0,6.0,21.49,0.0,11.0,0.0,-2.76539356,2.5,1.34,14.2,11.925,11.3,0.0,1.57,11.3,0.85,225.0,10.0,Au,Ag,1.8195,0.0348,noble-metal
594.22,10.0,4.272293466,1.442,14.7,-0.74033904,0.0,6.0,20.521,0.0,12.0,0.0,-0.812174225,2.5,1.41,14.2,9.38,6.21,0.0,1.57,6.21,0.85,194.0,10.0,Au,Cd,1.7295,-0.0552,noble-metal
2896.0,10.0,3.973998007,1.362,17.3,-10.84610777,2.5,6.0,20.521,5.0,6.0,5.0,-10.84610777,4.5,1.3,4.8,25.015,37.48,5.0,1.77,12.55,0.59,229.0,5.0,Au,Mo,2.8125,1.0278,noble-metal
2750.0,10.0,4.173988903,1.429,6.6,-10.09332153,3.0,6.0,20.521,6.0,5.0,6.0,-10.09332153,4.0,1.34,7.3,21.275,30.0,6.0,1.64,12.55,0.64,229.0,4.0,Au,Nb,2.7627,0.978,noble-metal
1828.05,10.0,3.862851303,1.375,10.0,-5.0910129,0.0,6.0,20.521,0.0,10.0,0.0,-5.13777457,3.5,1.28,11.8,14.645,16.74,0.0,1.67,12.55,0.64,225.0,10.0,Au,Pd,2.2041,0.4194,noble-metal
2237.0,10.0,3.79278409,1.345,23.0,-6.90998391,1.0,6.0,20.521,2.0,9.0,2.0,-7.25364552,4.5,1.25,8.2,19.57,26.59,2.0,1.76,12.55,0.67,225.0,8.0,Au,Rh,2.5423,0.7576,noble-metal
2607.0,10.0,3.780696194,1.325,14.9,-8.57093238,1.5,6.0,20.521,3.0,8.0,3.0,-9.19463357,5.5,1.25,6.4,25.57,38.59,3.0,1.83,12.55,0.62,194.0,7.0,Au,Ru,2.7173,0.9326,noble-metal
2430.0,10.0,3.851649375,1.358,0.001,-10.09176138,2.5,6.0,20.521,5.0,7.0,5.0,-10.3551512,5.0,1.27,8.0,22.92,33.29,5.0,1.81,12.55,0.56,194.0,5.0,Au,Tc,2.7899,1.0052,noble-metal
1799.0,10.0,5.058773104,1.442,1.8,-6.34029752,4.5,6.0,20.521,9.0,3.0,9.0,-6.464599775,3.0,1.62,11.3,11.97,11.39,9.0,1.57,11.39,0.85,194.0,1.0,Au,Y,1.8551,0.0704,noble-metal
2128.0,10.0,4.527079516,1.442,2.3,-8.46727487,4.0,6.0,20.521,8.0,4.0,8.0,-8.545958555,3.5,1.45,5.7,16.775,21.0,8.0,1.57,12.55,0.84,194.0,2.0,Au,Zr,2.4818,0.6971,noble-metal
1115.0,0.0,5.326014266,1.97,31.3,-1.92725921,0.0,4.0,11.871,0.0,2.0,0.0,-1.948329565,2.0,1.74,22.3,8.54,8.54,0.0,0.91,8.54,1.0,225.0,0.0,Ca,Ca,1.6689,0.0,non-transition-metal
1234.93,0.0,4.027313074,1.444,31.3,-2.71997917,0.0,5.0,21.49,0.0,11.0,0.0,-2.76539356,2.0,1.34,18.9,9.92,11.3,0.0,1.36,8.54,1.0,225.0,10.0,Ca,Ag,1.55814,-0.11076,non-transition-metal
594.22,0.0,4.272293466,1.489,14.7,-0.74033904,0.0,5.0,16.908,0.0,12.0,0.0,-0.812174225,2.0,1.41,22.3,7.375,6.21,0.0,1.24,6.21,0.95,194.0,10.0,Ca,Cd,1.63695,-0.03195,non-transition-metal
2750.0,0.0,4.173988903,1.429,6.6,-10.09332153,3.0,5.0,14.32,0.0,5.0,6.0,-10.09332153,3.5,1.34,7.3,19.27,30.0,6.0,1.64,8.54,0.64,229.0,4.0,Ca,Nb,2.5169,0.848,non-transition-metal
1799.0,0.0,5.058773104,1.81,1.8,-6.34029752,4.5,5.0,12.24,0.0,3.0,9.0,-6.464599775,2.5,1.62,11.3,9.965,11.39,9.0,1.21,8.54,1.0,194.0,1.0,Ca,Y,1.96705,0.29815,non-transition-metal
2128.0,0.0,4.527079516,1.6,2.3,-8.46727487,4.0,5.0,13.13,0.0,4.0,8.0,-8.545958555,3.0,1.45,5.7,14.77,21.0,8.0,1.41,8.54,0.84,194.0,2.0,Ca,Zr,2.30509,0.63619,non-transition-metal
1357.77,10.0,3.537821124,1.278,60.7,-3.64288728,0.0,4.0,20.292,0.0,11.0,0.0,-3.68065482,2.0,1.17,16.5,13.6,13.6,0.0,1.47,13.6,0.73,225.0,10.0,Cu,Cu,2.0802,0.0,transition_metal
1234.93,10.0,4.027313074,1.278,60.7,-2.71997917,0.0,5.0,21.49,0.0,11.0,0.0,-2.76539356,2.0,1.34,16.5,12.45,11.3,0.0,1.47,11.3,0.73,225.0,10.0,Cu,Ag,1.9474,-0.1328,transition_metal
933.47,10.0,4.039606536,1.278,37.7,-3.65018713,0.0,4.0,20.292,10.0,13.0,0.0,-3.74542312,2.5,1.18,16.5,12.155,10.71,0.0,1.47,10.71,0.54,225.0,0.0,Cu,Al,2.02661,-0.05359,transition_metal
1337.33,10.0,4.057502731,1.278,48.8,-3.18445282,0.0,6.0,20.521,0.0,11.0,0.0,-3.20969261,2.5,1.34,14.2,13.075,12.55,0.0,1.57,12.55,0.73,225.0,10.0,Cu,Au,1.97207,-0.10813,transition_metal
544.4,10.0,5.089070533,1.278,0.9,-3.89538374,0.0,6.0,20.292,0.0,15.0,0.0,-3.9736944,3.5,1.46,13.4,12.353,11.106,0.0,1.47,11.106,0.73,12.0,10.0,Cu,Bi,1.63815,-0.44205,transition_metal
594.22,10.0,4.272293466,1.278,14.7,-0.74033904,0.0,5.0,20.292,0.0,12.0,0.0,-0.812174225,2.0,1.41,16.5,9.905,6.21,0.0,1.47,6.21,0.73,194.0,10.0,Cu,Cd,1.90016,-0.18004,transition_metal
1768.0,10.0,3.447656463,1.253,17.9,-6.98008657,1.5,4.0,20.292,3.0,9.0,3.0,-7.080389145,2.5,1.16,13.0,14.9,16.2,3.0,1.75,13.6,0.65,194.0,7.0,Cu,Co,2.47185,0.39165,transition_metal
2180.0,10.0,3.550558664,1.249,7.9,-9.50480758,2.5,4.0,20.292,5.0,6.0,5.0,-9.50571654,4.0,1.18,4.9,17.3,21.0,5.0,1.73,13.6,0.62,229.0,5.0,Cu,Cr,2.15149,0.07129,transition_metal
1811.0,10.0,3.501224062,1.241,11.2,-8.28548436,2.0,4.0,20.292,4.0,8.0,4.0,-8.28548436,4.0,1.17,11.8,13.705,13.81,4.0,1.77,13.6,0.55,229.0,6.0,Cu,Fe,2.47732,0.39712,transition_metal
302.91,10.0,4.225207441,1.278,1.8,-2.97839076,0.0,4.0,20.51,0.0,13.0,0.0,-3.012255303,2.5,1.26,16.5,9.5925,5.585,0.0,1.47,5.585,0.62,64.0,10.0,Cu,Ga,1.9743,-0.1059,transition_metal
1211.4,10.0,4.514684539,1.278,3e-06,-4.27836489,0.0,4.0,20.292,0.0,14.0,0.0,-4.616039545,3.0,1.22,5.7,25.27,36.94,0.0,1.47,13.6,0.53,225.0,10.0,Cu,Ge,1.90646,-0.17374,transition_metal
2506.0,10.0,4.461398209,1.278,3.4,-9.77464936,4.0,6.0,20.292,8.0,4.0,8.0,-9.954299335,3.0,1.44,5.9,20.4,27.2,8.0,1.47,13.6,0.73,194.0,2.0,Cu,Hf,1.92442,-0.15578,transition_metal
234.32,10.0,4.656246199,1.278,1.0,-0.15983096,0.0,6.0,20.292,0.0,12.0,0.0,-0.250105562,2.0,1.49,16.5,7.9475,2.295,0.0,1.47,2.295,0.73,166.0,10.0,Cu,Hg,1.85082,-0.22938,transition_metal
429.75,10.0,4.595332379,1.278,3.4,-2.65390512,0.0,5.0,20.292,0.0,13.0,0.0,-2.66680196,2.5,1.44,16.5,8.4455,3.291,0.0,1.47,3.291,0.73,139.0,10.0,Cu,In,1.87531,-0.20489,transition_metal
2739.0,10.0,3.84489682,1.278,21.3,-8.22715557,1.5,6.0,20.292,3.0,9.0,3.0,-8.84851145,2.5,1.27,6.4,27.36,41.12,3.0,1.83,13.6,0.63,225.0,7.0,Cu,Ir,2.67585,0.59565,transition_metal
923.0,10.0,4.50714913,1.278,22.4,-1.51367083,0.0,4.0,20.292,10.0,2.0,0.0,-1.54227231,2.0,1.36,16.5,11.04,8.48,0.0,1.47,8.48,0.72,194.0,0.0,Cu,Mg,1.98829,-0.09191,transition_metal
1519.0,10.0,3.474656242,1.24,0.5,-8.87041076,2.5,4.0,20.292,5.0,7.0,5.0,-9.02056525,4.5,1.17,16.5,13.255,12.91,5.0,1.61,12.91,0.67,217.0,5.0,Cu,Mn,2.03472,-0.04548,transition_metal
2896.0,10.0,3.973998007,1.278,17.3,-10.84610777,2.5,5.0,20.292,5.0,6.0,5.0,-10.84610777,4.0,1.3,4.8,25.54,37.48,5.0,1.77,13.6,0.59,229.0,5.0,Cu,Mo,2.23051,0.15031,transition_metal
2750.0,10.0,4.173988903,1.278,6.6,-10.09332153,3.0,5.0,20.292,6.0,5.0,6.0,-10.09332153,3.5,1.34,7.3,21.8,30.0,6.0,1.64,13.6,0.64,229.0,4.0,Cu,Nb,1.99466,-0.08554,transition_metal
1728.0,10.0,3.456049039,1.246,14.6,-5.43913904,1.0,4.0,20.292,2.0,10.0,2.0,-5.54632457,2.5,1.15,13.4,15.54,17.48,2.0,1.75,13.6,0.69,225.0,8.0,Cu,Ni,2.35912,0.27892,transition_metal
3306.0,10.0,3.834043137,1.278,12.3,-10.33236566,2.0,6.0,20.292,4.0,8.0,4.0,-11.22070399,5.0,1.26,5.1,35.725,57.85,4.0,1.85,13.6,0.63,194.0,6.0,Cu,Os,2.72908,0.64888,transition_metal
600.61,10.0,4.826588558,1.278,4.8,-3.58277457,0.0,6.0,20.292,0.0,14.0,0.0,-3.62902961,3.0,1.47,16.5,9.187,4.774,0.0,1.47,4.774,0.73,225.0,10.0,Cu,Pb,1.69163,-0.38857,transition_metal
1828.05,10.0,3.862851303,1.278,10.0,-5.0910129,0.0,5.0,20.292,0.0,10.0,0.0,-5.13777457,3.0,1.28,11.8,15.17,16.74,0.0,1.67,13.6,0.64,225.0,10.0,Cu,Pd,2.21185,0.13165,transition_metal
2041.4,10.0,3.91660681,1.278,9.4,-5.92513799,0.5,6.0,20.292,1.0,10.0,1.0,-6.02850968,3.0,1.3,8.8,17.8875,22.175,1.0,1.78,13.6,0.63,225.0,9.0,Cu,Pt,2.42608,0.34588,transition_metal
3459.0,10.0,3.884620563,1.278,5.8,-12.10177805,2.5,6.0,20.292,5.0,7.0,5.0,-12.41702777,4.5,1.28,6.2,23.84,34.08,5.0,1.85,13.6,0.53,194.0,5.0,Cu,Re,2.63506,0.55486,transition_metal
2237.0,10.0,3.79278409,1.278,23.0,-6.90998391,1.0,5.0,20.292,2.0,9.0,2.0,-7.25364552,4.0,1.25,8.2,20.095,26.59,2.0,1.76,13.6,0.67,225.0,8.0,Cu,Rh,2.46945,0.38925,transition_metal
2607.0,10.0,3.780696194,1.278,14.9,-8.57093238,1.5,5.0,20.292,3.0,8.0,3.0,-9.19463357,5.0,1.25,6.4,26.095,38.59,3.0,1.83,13.6,0.62,194.0,7.0,Cu,Ru,2.508,0.4278,transition_metal
388.36,10.0,4.689784664,1.27,5e-16,-3.00278915,0.0,4.0,23.33,10.0,16.0,0.0,-4.097216719,4.0,1.02,16.5,7.6605,1.721,0.0,1.47,1.721,0.29,70.0,0.0,Cu,S,1.75866,-0.32154,transition_metal
903.78,10.0,5.016478962,1.278,2.6,-3.88991513,0.0,5.0,20.292,0.0,15.0,0.0,-4.11736234,3.5,1.4,11.0,16.695,19.79,0.0,1.47,13.6,0.73,166.0,10.0,Cu,Sb,1.78822,-0.29198,transition_metal
1814.0,10.0,4.463741557,1.278,1.5,-6.17209116,4.5,4.0,20.292,9.0,3.0,9.0,-6.28551309,2.5,1.44,10.0,13.85,14.1,9.0,1.47,13.6,0.73,194.0,1.0,Cu,Sc,1.89753,-0.18267,transition_metal
1687.0,10.0,4.340238825,1.278,0.0004,-4.90201039,0.0,4.0,20.292,10.0,14.0,0.0,-5.424918005,3.0,1.11,2.6,31.905,50.21,0.0,1.5,13.6,0.26,227.0,0.0,Cu,Si,1.91422,-0.16598,transition_metal
505.08,10.0,5.106259136,1.278,8.7,-3.89492544,0.0,5.0,20.292,0.0,14.0,0.0,-3.96104709,3.0,1.41,16.5,10.375,7.15,0.0,1.47,7.15,0.71,141.0,10.0,Cu,Sn,1.84641,-0.23379,transition_metal
3290.0,10.0,4.169391995,1.278,8.1,-11.85139954,3.5,6.0,20.292,7.0,5.0,7.0,-11.85139954,3.5,1.34,6.3,25.085,36.57,7.0,1.63,13.6,0.64,229.0,3.0,Cu,Ta,2.08834,0.00814,transition_metal
2430.0,10.0,3.851649375,1.278,0.001,-10.09176138,2.5,5.0,20.292,5.0,7.0,5.0,-10.3551512,4.5,1.27,8.0,23.445,33.29,5.0,1.81,13.6,0.56,194.0,5.0,Cu,Tc,2.42637,0.34617,transition_metal
1941.0,10.0,4.056692689,1.278,2.6,-7.66126811,4.0,4.0,20.292,8.0,4.0,8.0,-7.77522712,3.0,1.32,8.6,13.875,14.15,8.0,1.52,13.6,0.61,194.0,2.0,Cu,Ti,2.03098,-0.04922,transition_metal
577.0,10.0,4.756905929,1.278,5.6,-2.25289773,0.0,6.0,20.428,0.0,13.0,0.0,-2.27267753,2.5,1.48,16.5,8.871,4.142,0.0,1.47,4.142,0.73,194.0,10.0,Cu,Tl,1.76587,-0.31433,transition_metal
2183.0,10.0,3.733467966,1.278,4.0,-8.93926069,3.5,4.0,20.292,7.0,5.0,7.0,-8.93926069,3.5,1.22,8.4,17.55,21.5,7.0,1.64,13.6,0.54,229.0,3.0,Cu,V,2.15587,0.07567,transition_metal
3695.0,10.0,4.004162334,1.278,18.2,-12.95880062,3.0,6.0,20.292,6.0,6.0,6.0,-12.95880062,4.0,1.3,4.5,32.955,52.31,6.0,1.81,13.6,0.6,229.0,4.0,Cu,W,2.43774,0.35754,transition_metal
692.68,10.0,3.822215211,1.278,16.9,-1.1570915,0.0,4.0,20.292,0.0,12.0,0.0,-1.239999915,2.0,1.25,16.5,10.334,7.068,0.0,1.47,7.068,0.73,194.0,10.0,Cu,Zn,1.99861,-0.08159,transition_metal
2128.0,10.0,4.527079516,1.278,2.3,-8.46727487,4.0,5.0,20.292,8.0,4.0,8.0,-8.545958555,3.0,1.45,5.7,17.3,21.0,8.0,1.47,13.6,0.73,194.0,2.0,Cu,Zr,1.86133,-0.21887,transition_metal
1811.0,6.0,3.501224062,1.241,11.2,-8.28548436,4.0,4.0,16.18,0.0,8.0,4.0,-8.28548436,6.0,1.17,11.8,13.81,13.81,4.0,1.77,13.81,0.55,229.0,6.0,Fe,Fe,2.5968,0.0,transition_metal
933.47,6.0,4.039606536,1.241,11.2,-3.65018713,2.0,4.0,18.828,6.0,13.0,0.0,-3.74542312,4.5,1.18,11.8,12.26,10.71,4.0,1.77,10.71,0.54,225.0,0.0,Fe,Al,2.45204,-0.14476,transition_metal
1090.0,6.0,4.459722881,1.241,3.8,-4.21496399,2.0,4.0,18.633,4.0,15.0,0.0,-4.650889115,5.5,1.2,11.8,19.125,24.44,4.0,1.77,13.81,0.55,166.0,10.0,Fe,As,2.38301,-0.21379,transition_metal
544.4,6.0,5.089070533,1.241,0.9,-3.89538374,2.0,6.0,16.687,4.0,15.0,0.0,-3.9736944,5.5,1.46,11.8,12.458,11.106,4.0,1.77,11.106,0.55,12.0,10.0,Fe,Bi,2.22866,-0.36814,transition_metal
1768.0,6.0,3.447656463,1.241,11.2,-6.98008657,3.5,4.0,17.06,1.0,9.0,3.0,-7.080389145,4.5,1.16,11.8,15.005,16.2,4.0,1.77,13.81,0.55,194.0,7.0,Fe,Co,2.64035,0.04355,transition_metal
2180.0,6.0,3.550558664,1.241,7.9,-9.50480758,4.5,4.0,16.5,1.0,6.0,5.0,-9.50571654,6.0,1.18,4.9,17.405,21.0,5.0,1.77,13.81,0.55,229.0,5.0,Fe,Cr,2.50346,-0.09334,transition_metal
302.91,6.0,4.225207441,1.241,1.8,-2.97839076,2.0,4.0,20.51,4.0,13.0,0.0,-3.012255303,4.5,1.26,11.8,9.6975,5.585,4.0,1.77,5.585,0.55,64.0,10.0,Fe,Ga,2.43793,-0.15887,transition_metal
1211.4,6.0,4.514684539,1.241,3e-06,-4.27836489,2.0,4.0,16.18,4.0,14.0,0.0,-4.616039545,5.0,1.22,5.7,25.375,36.94,4.0,1.77,13.81,0.53,225.0,10.0,Fe,Ge,2.42327,-0.17353,transition_metal
2739.0,6.0,3.84489682,1.241,11.2,-8.22715557,3.5,6.0,16.18,1.0,9.0,3.0,-8.84851145,4.5,1.27,6.4,27.465,41.12,4.0,1.83,13.81,0.55,225.0,7.0,Fe,Ir,2.70034,0.10354,transition_metal
2896.0,6.0,3.973998007,1.241,11.2,-10.84610777,4.5,5.0,16.461,1.0,6.0,5.0,-10.84610777,6.0,1.3,4.8,25.645,37.48,5.0,1.77,13.81,0.55,229.0,5.0,Fe,Mo,2.45985,-0.13695,transition_metal
2750.0,6.0,4.173988903,1.241,6.6,-10.09332153,5.0,5.0,16.18,2.0,5.0,6.0,-10.09332153,5.5,1.34,7.3,21.905,30.0,6.0,1.77,13.81,0.55,229.0,4.0,Fe,Nb,2.4163,-0.1805,transition_metal
1728.0,6.0,3.456049039,1.241,11.2,-5.43913904,3.0,4.0,18.168,2.0,10.0,2.0,-5.54632457,4.5,1.15,11.8,15.645,17.48,4.0,1.77,13.81,0.55,225.0,8.0,Fe,Ni,2.5172,-0.0796,transition_metal
317.3,6.0,4.486063093,1.241,1e-16,-4.6830362,2.0,4.0,19.725,6.0,15.0,0.0,-5.400509043,5.5,1.06,11.8,16.175,18.54,4.0,1.77,13.81,0.17,2.0,0.0,Fe,P,2.28176,-0.31504,transition_metal
600.61,6.0,4.826588558,1.241,4.8,-3.58277457,2.0,6.0,16.18,4.0,14.0,0.0,-3.62902961,5.0,1.47,11.8,9.292,4.774,4.0,1.77,4.774,0.55,225.0,10.0,Fe,Pb,2.21859,-0.37821,transition_metal
2237.0,6.0,3.79278409,1.241,11.2,-6.90998391,3.0,5.0,18.08,2.0,9.0,2.0,-7.25364552,6.0,1.25,8.2,20.2,26.59,4.0,1.77,13.81,0.55,225.0,8.0,Fe,Rh,2.56039,-0.03641,transition_metal
2607.0,6.0,3.780696194,1.241,11.2,-8.57093238,3.5,5.0,16.76,1.0,8.0,3.0,-9.19463357,7.0,1.25,6.4,26.2,38.59,4.0,1.83,13.81,0.55,194.0,7.0,Fe,Ru,2.5755,-0.0213,transition_metal
903.78,6.0,5.016478962,1.241,2.6,-3.88991513,2.0,5.0,16.53,4.0,15.0,0.0,-4.11736234,5.5,1.4,11.0,16.8,19.79,4.0,1.77,13.81,0.55,166.0,10.0,Fe,Sb,2.34684,-0.24996,transition_metal
1687.0,6.0,4.340238825,1.241,0.0004,-4.90201039,2.0,4.0,16.345,6.0,14.0,0.0,-5.424918005,5.0,1.11,2.6,32.01,50.21,4.0,1.77,13.81,0.26,227.0,0.0,Fe,Si,2.39436,-0.20244,transition_metal
505.08,6.0,5.106259136,1.241,8.7,-3.89492544,2.0,5.0,16.18,4.0,14.0,0.0,-3.96104709,5.0,1.41,11.8,10.48,7.15,4.0,1.77,7.15,0.55,141.0,10.0,Fe,Sn,2.30357,-0.29323,transition_metal
2430.0,6.0,3.851649375,1.241,0.001,-10.09176138,4.5,5.0,16.18,1.0,7.0,5.0,-10.3551512,6.5,1.27,8.0,23.55,33.29,5.0,1.81,13.81,0.55,194.0,5.0,Fe,Tc,2.50765,-0.08915,transition_metal
1941.0,6.0,4.056692689,1.241,2.6,-7.66126811,6.0,4.0,16.18,4.0,4.0,8.0,-7.77522712,5.0,1.32,8.6,13.98,14.15,8.0,1.77,13.81,0.55,194.0,2.0,Fe,Ti,2.45719,-0.13961,transition_metal
2183.0,6.0,3.733467966,1.241,4.0,-8.93926069,5.5,4.0,16.18,3.0,5.0,7.0,-8.93926069,5.5,1.22,8.4,17.655,21.5,7.0,1.77,13.81,0.54,229.0,3.0,Fe,V,2.51386,-0.08294,transition_metal
3695.0,6.0,4.004162334,1.241,11.2,-12.95880062,5.0,6.0,16.18,2.0,6.0,6.0,-12.95880062,6.0,1.3,4.5,33.06,52.31,6.0,1.81,13.81,0.55,229.0,4.0,Fe,W,2.50008,-0.09672,transition_metal
692.68,6.0,3.822215211,1.241,11.2,-1.1570915,2.0,4.0,17.964,4.0,12.0,0.0,-1.239999915,4.0,1.25,11.8,10.439,7.068,4.0,1.77,7.068,0.55,194.0,10.0,Fe,Zn,2.43732,-0.15948,transition_metal
1357.77,6.0,3.537821124,1.241,11.2,-3.64288728,2.0,4.0,20.292,4.0,11.0,0.0,-3.68065482,4.0,1.17,11.8,13.705,13.6,4.0,1.77,13.6,0.55,225.0,10.0,Fe,Cu,2.39882,-0.19798,transition_metal
1519.0,6.0,3.474656242,1.24,0.5,-8.87041076,4.5,4.0,16.18,1.0,7.0,5.0,-9.02056525,6.5,1.17,11.8,13.36,12.91,5.0,1.77,12.91,0.55,217.0,5.0,Fe,Mn,2.42964,-0.16716,transition_metal
1234.93,6.0,4.027313074,1.241,11.2,-2.71997917,2.0,5.0,21.49,4.0,11.0,0.0,-2.76539356,4.0,1.34,11.8,12.555,11.3,4.0,1.77,11.3,0.55,225.0,10.0,Fe,Ag,2.32068,-0.27612,transition_metal
1337.33,6.0,4.057502731,1.241,11.2,-3.18445282,2.0,6.0,20.521,4.0,11.0,0.0,-3.20969261,4.5,1.34,11.8,13.18,12.55,4.0,1.77,12.55,0.55,225.0,10.0,Fe,Au,2.34592,-0.25088,transition_metal
594.22,6.0,4.272293466,1.241,11.2,-0.74033904,2.0,5.0,16.908,4.0,12.0,0.0,-0.812174225,4.0,1.41,11.8,10.01,6.21,4.0,1.77,6.21,0.55,194.0,10.0,Fe,Cd,2.26771,-0.32909,transition_metal
2506.0,6.0,4.461398209,1.241,3.4,-9.77464936,6.0,6.0,16.18,4.0,4.0,8.0,-9.954299335,5.0,1.44,5.9,20.505,27.2,8.0,1.77,13.81,0.55,194.0,2.0,Fe,Hf,2.32154,-0.27526,transition_metal
234.32,6.0,4.656246199,1.241,1.0,-0.15983096,2.0,6.0,18.759,4.0,12.0,0.0,-0.250105562,4.0,1.49,11.8,8.0525,2.295,4.0,1.77,2.295,0.55,166.0,10.0,Fe,Hg,2.25118,-0.34562,transition_metal
429.75,6.0,4.595332379,1.241,3.4,-2.65390512,2.0,5.0,18.869,4.0,13.0,0.0,-2.66680196,4.5,1.44,11.8,8.5505,3.291,4.0,1.77,3.291,0.55,139.0,10.0,Fe,In,2.27298,-0.32382,transition_metal
3306.0,6.0,3.834043137,1.241,11.2,-10.33236566,4.0,6.0,16.18,0.0,8.0,4.0,-11.22070399,7.0,1.26,5.1,35.83,57.85,4.0,1.85,13.81,0.55,194.0,6.0,Fe,Os,2.72278,0.12598,transition_metal
1828.05,6.0,3.862851303,1.241,10.0,-5.0910129,2.0,5.0,19.63,4.0,10.0,0.0,-5.13777457,5.0,1.28,11.8,15.275,16.74,4.0,1.77,13.81,0.55,225.0,10.0,Fe,Pd,2.45233,-0.14447,transition_metal
2041.4,6.0,3.91660681,1.241,9.4,-5.92513799,2.5,6.0,18.563,3.0,10.0,1.0,-6.02850968,5.0,1.3,8.8,17.9925,22.175,4.0,1.78,13.81,0.55,225.0,9.0,Fe,Pt,2.59378,-0.00302,transition_metal
1814.0,6.0,4.463741557,1.241,1.5,-6.17209116,6.5,4.0,16.18,5.0,3.0,9.0,-6.28551309,4.5,1.44,10.0,13.955,14.1,9.0,1.77,13.81,0.55,194.0,1.0,Fe,Sc,2.31133,-0.28547,transition_metal
3290.0,6.0,4.169391995,1.241,8.1,-11.85139954,5.5,6.0,16.18,3.0,5.0,7.0,-11.85139954,5.5,1.34,6.3,25.19,36.57,7.0,1.77,13.81,0.55,229.0,3.0,Fe,Ta,2.39758,-0.19922,transition_metal
577.0,6.0,4.756905929,1.241,5.6,-2.25289773,2.0,6.0,20.428,4.0,13.0,0.0,-2.27267753,4.5,1.48,11.8,8.976,4.142,4.0,1.77,4.142,0.55,194.0,10.0,Fe,Tl,2.22509,-0.37171,transition_metal
2128.0,6.0,4.527079516,1.241,2.3,-8.46727487,6.0,5.0,16.18,4.0,4.0,8.0,-8.545958555,5.0,1.45,5.7,17.405,21.0,8.0,1.77,13.81,0.55,194.0,2.0,Fe,Zr,2.29169,-0.30511,transition_metal
3459.0,6.0,3.884620563,1.241,5.8,-12.10177805,4.5,6.0,16.18,1.0,7.0,5.0,-12.41702777,6.5,1.28,6.2,23.945,34.08,5.0,1.85,13.81,0.53,194.0,5.0,Fe,Re,2.66457,0.06777,transition_metal
2739.0,7.0,3.84489682,1.357,21.3,-8.22715557,3.0,6.0,0.0,0.0,9.0,3.0,-8.84851145,3.0,1.27,6.4,41.12,41.12,3.0,1.83,41.12,0.63,225.0,7.0,Ir,Ir,4.5471,0.0,noble-metal
1234.93,7.0,4.027313074,1.357,21.3,-2.71997917,1.5,6.0,21.49,3.0,11.0,0.0,-2.76539356,2.5,1.34,6.4,26.21,11.3,3.0,1.83,11.3,0.63,225.0,10.0,Ir,Ag,4.4493,-0.0978,noble-metal
594.22,7.0,4.272293466,1.357,14.7,-0.74033904,1.5,6.0,16.908,3.0,12.0,0.0,-0.812174225,2.5,1.41,6.4,23.665,6.21,3.0,1.83,6.21,0.63,194.0,10.0,Ir,Cd,4.42133,-0.12577,noble-metal
2896.0,7.0,3.973998007,1.357,17.3,-10.84610777,4.0,6.0,16.461,2.0,6.0,5.0,-10.84610777,4.5,1.3,4.8,39.3,37.48,5.0,1.83,37.48,0.59,229.0,5.0,Ir,Mo,4.93558,0.38848,noble-metal
2750.0,7.0,4.173988903,1.357,6.6,-10.09332153,4.5,6.0,14.32,3.0,5.0,6.0,-10.09332153,4.0,1.34,6.4,35.56,30.0,6.0,1.83,30.0,0.63,229.0,4.0,Ir,Nb,4.71079,0.16369,noble-metal
1828.05,7.0,3.862851303,1.357,10.0,-5.0910129,1.5,6.0,19.63,3.0,10.0,0.0,-5.13777457,3.5,1.28,6.4,28.93,16.74,3.0,1.83,16.74,0.63,225.0,10.0,Ir,Pd,4.4704,-0.0767,noble-metal
2237.0,7.0,3.79278409,1.345,21.3,-6.90998391,2.5,6.0,18.08,1.0,9.0,2.0,-7.25364552,4.5,1.25,6.4,33.855,26.59,3.0,1.83,26.59,0.63,225.0,8.0,Ir,Rh,4.47609,-0.07101,noble-metal
2607.0,7.0,3.780696194,1.325,14.9,-8.57093238,3.0,6.0,16.76,0.0,8.0,3.0,-9.19463357,5.5,1.25,6.4,39.855,38.59,3.0,1.83,38.59,0.62,194.0,7.0,Ir,Ru,4.7411,0.194,noble-metal
2430.0,7.0,3.851649375,1.357,0.001,-10.09176138,4.0,6.0,15.26,2.0,7.0,5.0,-10.3551512,5.0,1.27,6.4,37.205,33.29,5.0,1.83,33.29,0.56,194.0,5.0,Ir,Tc,5.06696,0.51986,noble-metal
1799.0,7.0,5.058773104,1.357,1.8,-6.34029752,6.0,6.0,12.24,6.0,3.0,9.0,-6.464599775,3.0,1.62,6.4,26.255,11.39,9.0,1.83,11.39,0.63,194.0,1.0,Ir,Y,4.30652,-0.24058,noble-metal
2128.0,7.0,4.527079516,1.357,2.3,-8.46727487,5.5,6.0,13.13,5.0,4.0,8.0,-8.545958555,3.5,1.45,5.7,31.06,21.0,8.0,1.83,21.0,0.63,194.0,2.0,Ir,Zr,4.56807,0.02097,noble-metal
923.0,0.0,4.50714913,1.6,22.4,-1.51367083,0.0,3.0,15.035,0.0,2.0,0.0,-1.54227231,2.0,1.36,24.8,8.48,8.48,0.0,1.17,8.48,0.72,194.0,0.0,Mg,Mg,1.406,0.0,non-transition-metal
1234.93,0.0,4.027313074,1.444,22.4,-2.71997917,0.0,5.0,21.49,0.0,11.0,0.0,-2.76539356,2.0,1.34,18.9,9.89,11.3,0.0,1.36,8.48,0.72,225.0,10.0,Mg,Ag,1.46003,0.05403,non-transition-metal
933.47,0.0,4.039606536,1.43,22.4,-3.65018713,0.0,3.0,18.828,0.0,13.0,0.0,-3.74542312,2.5,1.18,23.1,9.595,10.71,0.0,1.39,8.48,0.54,225.0,0.0,Mg,Al,1.47106,0.06506,non-transition-metal
1337.33,0.0,4.057502731,1.442,22.4,-3.18445282,0.0,6.0,20.521,0.0,11.0,0.0,-3.20969261,2.5,1.34,14.2,10.515,12.55,0.0,1.57,8.48,0.72,225.0,10.0,Mg,Au,1.53295,0.12695,non-transition-metal
1560.0,0.0,3.160183721,1.12,22.4,-3.65527191,0.0,3.0,18.211,0.0,2.0,0.0,-3.755038695,2.0,0.9,11.3,8.1875,7.895,0.0,1.67,7.895,0.45,194.0,0.0,Mg,Be,1.38435,-0.02165,non-transition-metal
544.4,0.0,5.089070533,1.6,0.9,-3.89538374,0.0,6.0,16.687,0.0,15.0,0.0,-3.9736944,3.5,1.46,13.4,9.793,11.106,0.0,1.17,8.48,0.72,12.0,10.0,Mg,Bi,1.23751,-0.16849,non-transition-metal
1115.0,0.0,5.326014266,1.6,22.4,-1.92725921,0.0,4.0,15.035,0.0,2.0,0.0,-1.948329565,2.0,1.74,22.3,8.51,8.54,0.0,1.17,8.48,0.72,225.0,0.0,Mg,Ca,1.22059,-0.18541,non-transition-metal
594.22,0.0,4.272293466,1.489,14.7,-0.74033904,0.0,5.0,16.908,0.0,12.0,0.0,-0.812174225,2.0,1.41,24.8,7.345,6.21,0.0,1.24,6.21,0.72,194.0,10.0,Mg,Cd,1.31308,-0.09292,non-transition-metal
1071.0,0.0,5.300984746,1.6,1.4,-4.65518148,4.5,6.0,15.035,0.0,3.0,9.0,-4.77656965,3.0,1.65,5.2,6.97,5.46,9.0,1.19,5.46,0.72,194.0,1.0,Mg,Ce,1.206,-0.2,non-transition-metal
1768.0,0.0,3.447656463,1.253,17.9,-6.98008657,1.5,4.0,17.06,0.0,9.0,3.0,-7.080389145,2.5,1.16,13.0,12.34,16.2,3.0,1.75,8.48,0.65,194.0,7.0,Mg,Co,1.97803,0.57203,non-transition-metal
2180.0,0.0,3.550558664,1.249,7.9,-9.50480758,2.5,4.0,16.5,0.0,6.0,5.0,-9.50571654,4.0,1.18,4.9,14.74,21.0,5.0,1.73,8.48,0.62,229.0,5.0,Mg,Cr,1.74633,0.34033,non-transition-metal
1357.77,0.0,3.537821124,1.278,22.4,-3.64288728,0.0,4.0,20.292,0.0,11.0,0.0,-3.68065482,2.0,1.17,16.5,11.04,13.6,0.0,1.47,8.48,0.72,225.0,10.0,Mg,Cu,1.48301,0.07701,non-transition-metal
1811.0,0.0,3.501224062,1.241,11.2,-8.28548436,2.0,4.0,16.18,0.0,8.0,4.0,-8.28548436,4.0,1.17,11.8,11.145,13.81,4.0,1.77,8.48,0.55,229.0,6.0,Mg,Fe,1.88006,0.47406,non-transition-metal
302.91,0.0,4.225207441,1.41,1.8,-2.97839076,0.0,4.0,20.51,0.0,13.0,0.0,-3.012255303,2.5,1.26,19.7,7.0325,5.585,0.0,1.31,5.585,0.62,64.0,10.0,Mg,Ga,1.34821,-0.05779,non-transition-metal
1586.0,0.0,5.042307669,1.6,0.8,-4.51068704,4.5,6.0,15.035,0.0,3.0,9.0,-4.65442131,2.5,1.61,-2.0,9.075,9.67,9.0,1.21,8.48,0.72,194.0,1.0,Mg,Gd,1.31171,-0.09429,non-transition-metal
2506.0,0.0,4.461398209,1.564,3.4,-9.77464936,4.0,6.0,15.035,0.0,4.0,8.0,-9.954299335,3.0,1.44,5.9,17.84,27.2,8.0,1.45,8.48,0.72,194.0,2.0,Mg,Hf,2.04142,0.63542,non-transition-metal
234.32,0.0,4.656246199,1.6,1.0,-0.15983096,0.0,6.0,18.759,0.0,12.0,0.0,-0.250105562,2.0,1.49,24.8,5.3875,2.295,0.0,1.24,2.295,0.72,166.0,10.0,Mg,Hg,1.25354,-0.15246,non-transition-metal
429.75,0.0,4.595332379,1.6,3.4,-2.65390512,0.0,5.0,18.869,0.0,13.0,0.0,-2.66680196,2.5,1.44,24.8,5.8855,3.291,0.0,1.17,3.291,0.72,139.0,10.0,Mg,In,1.31556,-0.09044,non-transition-metal
2739.0,0.0,3.84489682,1.357,21.3,-8.22715557,1.5,6.0,15.035,0.0,9.0,3.0,-8.84851145,2.5,1.27,6.4,24.8,41.12,3.0,1.83,8.48,0.63,225.0,7.0,Mg,Ir,2.26703,0.86103,non-transition-metal
336.53,0.0,6.637517176,1.6,16.4,-1.096516,0.0,4.0,31.625,0.0,1.0,0.0,-1.097539713,1.5,2.03,24.8,5.4075,2.335,0.0,1.17,2.335,0.72,229.0,0.0,Mg,K,1.07661,-0.32939,non-transition-metal
1193.0,0.0,5.28468344,1.6,1.9,-4.79586452,4.5,6.0,15.035,0.0,3.0,9.0,-4.927546185,2.5,1.25,5.2,7.34,6.2,9.0,1.18,6.2,0.72,194.0,1.0,Mg,La,1.17836,-0.22764,non-transition-metal
453.69,0.0,4.048845545,1.55,11.7,-1.86553478,0.0,3.0,76.638,0.0,1.0,0.0,-1.86988691,1.5,1.23,24.8,5.74,3.0,0.0,1.17,3.0,0.72,229.0,0.0,Mg,Li,1.33197,-0.07403,non-transition-metal
1519.0,0.0,3.474656242,1.24,0.5,-8.87041076,2.5,4.0,15.64,0.0,7.0,5.0,-9.02056525,4.5,1.17,21.7,10.695,12.91,5.0,1.61,8.48,0.67,217.0,5.0,Mg,Mn,1.6954,0.2894,non-transition-metal
2896.0,0.0,3.973998007,1.362,17.3,-10.84610777,2.5,5.0,16.461,0.0,6.0,5.0,-10.84610777,4.0,1.3,4.8,22.98,37.48,5.0,1.77,8.48,0.59,229.0,5.0,Mg,Mo,2.67438,1.26838,non-transition-metal
370.87,0.0,4.890601634,1.6,20.1,-1.2544847,0.0,3.0,47.286,0.0,1.0,0.0,-1.260241383,1.5,1.54,24.8,5.54,2.6,0.0,1.17,2.6,0.72,229.0,0.0,Mg,Na,1.26165,-0.14435,non-transition-metal
2750.0,0.0,4.173988903,1.429,6.6,-10.09332153,3.0,5.0,15.035,0.0,5.0,6.0,-10.09332153,3.5,1.34,7.3,19.24,30.0,6.0,1.64,8.48,0.64,229.0,4.0,Mg,Nb,2.45235,1.04635,non-transition-metal
1294.0,0.0,5.183081107,1.6,1.6,-4.6307523,0.0,6.0,15.035,0.0,3.0,0.0,-4.76235134,2.5,1.64,6.9,7.81,7.14,0.0,1.2,7.14,0.72,194.0,0.0,Mg,Nd,1.23717,-0.16883,non-transition-metal
1728.0,0.0,3.456049039,1.246,14.6,-5.43913904,1.0,4.0,18.168,0.0,10.0,2.0,-5.54632457,2.5,1.15,13.4,12.98,17.48,2.0,1.75,8.48,0.69,225.0,8.0,Mg,Ni,1.77227,0.36627,non-transition-metal
3306.0,0.0,3.834043137,1.34,12.3,-10.33236566,2.0,6.0,15.035,0.0,8.0,4.0,-11.22070399,5.0,1.26,5.1,33.165,57.85,4.0,1.85,8.48,0.63,194.0,6.0,Mg,Os,2.55892,1.15292,non-transition-metal
1828.05,0.0,3.862851303,1.375,10.0,-5.0910129,0.0,5.0,19.63,0.0,10.0,0.0,-5.13777457,3.0,1.28,11.8,12.61,16.74,0.0,1.67,8.48,0.64,225.0,10.0,Mg,Pd,1.76833,0.36233,non-transition-metal
1204.0,0.0,5.225662103,1.6,1.5,-4.64853984,0.0,6.0,15.035,0.0,3.0,0.0,-4.77382996,2.5,1.65,5.4,7.685,6.89,0.0,1.2,6.89,0.72,194.0,0.0,Mg,Pr,1.21848,-0.18752,non-transition-metal
2041.4,0.0,3.91660681,1.38,9.4,-5.92513799,0.5,6.0,18.563,0.0,10.0,1.0,-6.02850968,3.0,1.3,8.8,15.3275,22.175,1.0,1.78,8.48,0.63,225.0,9.0,Mg,Pt,1.8718,0.4658,non-transition-metal
3459.0,0.0,3.884620563,1.37,5.8,-12.10177805,2.5,6.0,15.035,0.0,7.0,5.0,-12.41702777,4.5,1.28,6.2,21.28,34.08,5.0,1.85,8.48,0.53,194.0,5.0,Mg,Re,2.78975,1.38375,non-transition-metal
2237.0,0.0,3.79278409,1.345,22.4,-6.90998391,1.0,5.0,18.08,0.0,9.0,2.0,-7.25364552,4.0,1.25,8.2,17.535,26.59,2.0,1.76,8.48,0.67,225.0,8.0,Mg,Rh,2.1269,0.7209,non-transition-metal
2607.0,0.0,3.780696194,1.325,14.9,-8.57093238,1.5,5.0,16.76,0.0,8.0,3.0,-9.19463357,5.0,1.25,6.4,23.535,38.59,3.0,1.83,8.48,0.62,194.0,7.0,Mg,Ru,2.44111,1.03511,non-transition-metal
903.78,0.0,5.016478962,1.59,2.6,-3.88991513,0.0,5.0,16.53,0.0,15.0,0.0,-4.11736234,3.5,1.4,11.0,14.135,19.79,0.0,1.26,8.48,0.72,166.0,10.0,Mg,Sb,1.26933,-0.13667,non-transition-metal
1814.0,0.0,4.463741557,1.6,1.5,-6.17209116,4.5,4.0,15.035,0.0,3.0,9.0,-6.28551309,2.5,1.44,10.0,11.29,14.1,9.0,1.27,8.48,0.72,194.0,1.0,Mg,Sc,1.6123,0.2063,non-transition-metal
494.0,0.0,4.697841169,1.4,8.0,-2.90074111,0.0,4.0,21.19,0.0,16.0,0.0,-3.47079191,4.0,1.16,24.8,7.585,6.69,0.0,1.17,6.69,0.5,14.0,10.0,Mg,Se,1.09913,-0.30687,non-transition-metal
1687.0,0.0,4.340238825,1.32,0.0004,-4.90201039,0.0,3.0,16.345,0.0,14.0,0.0,-5.424918005,3.0,1.11,2.6,29.345,50.21,0.0,1.5,8.48,0.26,227.0,0.0,Mg,Si,1.43422,0.02822,non-transition-metal
505.08,0.0,5.106259136,1.6,8.7,-3.89492544,0.0,5.0,15.035,0.0,14.0,0.0,-3.96104709,3.0,1.41,22.0,7.815,7.15,0.0,1.24,7.15,0.71,141.0,10.0,Mg,Sn,1.3627,-0.0433,non-transition-metal
1050.0,0.0,6.008506453,1.6,5.0,-1.67793991,0.0,5.0,15.035,0.0,2.0,0.0,-1.6828136,2.0,1.91,22.5,7.955,7.43,0.0,1.17,7.43,0.72,225.0,0.0,Mg,Sr,1.08218,-0.32382,non-transition-metal
3290.0,0.0,4.169391995,1.43,8.1,-11.85139954,3.5,6.0,15.035,0.0,5.0,7.0,-11.85139954,3.5,1.34,6.3,22.525,36.57,7.0,1.63,8.48,0.64,229.0,3.0,Mg,Ta,2.53728,1.13128,non-transition-metal
2430.0,0.0,3.851649375,1.358,0.001,-10.09176138,2.5,5.0,15.26,0.0,7.0,5.0,-10.3551512,4.5,1.27,8.0,20.885,33.29,5.0,1.81,8.48,0.56,194.0,5.0,Mg,Tc,2.65156,1.24556,non-transition-metal
2023.0,0.0,5.059033597,1.6,7.1,-7.26654681,4.0,7.0,15.035,0.0,3.0,8.0,-7.41254306,3.0,1.65,11.0,11.145,13.81,8.0,1.28,8.48,0.72,225.0,2.0,Mg,Th,1.2663,-0.1397,non-transition-metal
1941.0,0.0,4.056692689,1.448,2.6,-7.66126811,4.0,4.0,15.035,0.0,4.0,8.0,-7.77522712,3.0,1.32,8.6,11.315,14.15,8.0,1.52,8.48,0.61,194.0,2.0,Mg,Ti,2.02214,0.61614,non-transition-metal
2183.0,0.0,3.733467966,1.321,4.0,-8.93926069,3.5,4.0,15.035,0.0,5.0,7.0,-8.93926069,3.5,1.22,8.4,14.99,21.5,7.0,1.64,8.48,0.54,229.0,3.0,Mg,V,2.25739,0.85139,non-transition-metal
3695.0,0.0,4.004162334,1.37,18.2,-12.95880062,3.0,6.0,15.035,0.0,6.0,6.0,-12.95880062,4.0,1.3,4.5,30.395,52.31,6.0,1.81,8.48,0.6,229.0,4.0,Mg,W,2.82992,1.42392,non-transition-metal
1799.0,0.0,5.058773104,1.6,1.8,-6.34029752,4.5,5.0,15.035,0.0,3.0,9.0,-6.464599775,2.5,1.62,11.3,9.935,11.39,9.0,1.21,8.48,0.72,194.0,1.0,Mg,Y,1.3495,-0.0565,non-transition-metal
692.68,0.0,3.822215211,1.332,16.9,-1.1570915,0.0,4.0,17.964,0.0,12.0,0.0,-1.239999915,2.0,1.25,24.8,7.774,7.068,0.0,1.32,7.068,0.72,194.0,10.0,Mg,Zn,1.30461,-0.10139,non-transition-metal
2128.0,0.0,4.527079516,1.6,2.3,-8.46727487,4.0,5.0,15.035,0.0,4.0,8.0,-8.545958555,3.0,1.45,5.7,14.74,21.0,8.0,1.41,8.48,0.72,194.0,2.0,Mg,Zr,1.98631,0.58031,non-transition-metal
2896.0,5.0,3.973998007,1.362,17.3,-10.84610777,5.0,5.0,16.461,0.0,6.0,5.0,-10.84610777,6.0,1.3,4.8,37.48,37.48,5.0,1.77,37.48,0.59,229.0,5.0,Mo,Mo,5.0288,0.0,refractory
1234.93,5.0,4.027313074,1.362,17.3,-2.71997917,2.5,5.0,21.49,5.0,11.0,0.0,-2.76539356,4.0,1.34,4.8,24.39,11.3,5.0,1.77,11.3,0.59,225.0,10.0,Mo,Ag,4.6899,-0.3389,refractory
544.4,5.0,5.089070533,1.362,0.9,-3.89538374,2.5,6.0,16.687,5.0,15.0,0.0,-3.9736944,5.5,1.46,4.8,24.293,11.106,5.0,1.77,11.106,0.59,12.0,10.0,Mo,Bi,4.77865,-0.25015,refractory
594.22,5.0,4.272293466,1.362,14.7,-0.74033904,2.5,5.0,16.908,5.0,12.0,0.0,-0.812174225,4.0,1.41,4.8,21.845,6.21,5.0,1.77,6.21,0.59,194.0,10.0,Mo,Cd,4.73084,-0.29796,refractory
1768.0,5.0,3.447656463,1.253,17.3,-6.98008657,4.0,5.0,17.06,2.0,9.0,3.0,-7.080389145,4.5,1.16,4.8,26.84,16.2,5.0,1.77,16.2,0.59,194.0,7.0,Mo,Co,4.59618,-0.43262,refractory
2180.0,5.0,3.550558664,1.249,7.9,-9.50480758,5.0,5.0,16.5,0.0,6.0,5.0,-9.50571654,6.0,1.18,4.8,29.24,21.0,5.0,1.77,21.0,0.59,229.0,5.0,Mo,Cr,5.06851,0.03971,refractory
1357.77,5.0,3.537821124,1.278,17.3,-3.64288728,2.5,5.0,20.292,5.0,11.0,0.0,-3.68065482,4.0,1.17,4.8,25.54,13.6,5.0,1.77,13.6,0.59,225.0,10.0,Mo,Cu,4.86586,-0.16294,refractory
1811.0,5.0,3.501224062,1.241,11.2,-8.28548436,4.5,5.0,16.461,1.0,8.0,4.0,-8.28548436,6.0,1.17,4.8,25.645,13.81,5.0,1.77,13.81,0.55,229.0,6.0,Mo,Fe,4.61039,-0.41841,refractory
302.91,5.0,4.225207441,1.362,1.8,-2.97839076,2.5,5.0,20.51,5.0,13.0,0.0,-3.012255303,4.5,1.26,4.8,21.5325,5.585,5.0,1.77,5.585,0.59,64.0,10.0,Mo,Ga,4.96448,-0.06432,refractory
429.75,5.0,4.595332379,1.362,3.4,-2.65390512,2.5,5.0,18.869,5.0,13.0,0.0,-2.66680196,4.5,1.44,4.8,20.3855,3.291,5.0,1.77,3.291,0.59,139.0,10.0,Mo,In,4.84196,-0.18684,refractory
923.0,5.0,4.50714913,1.362,17.3,-1.51367083,2.5,5.0,16.461,5.0,2.0,0.0,-1.54227231,4.0,1.36,4.8,22.98,8.48,5.0,1.77,8.48,0.59,194.0,0.0,Mo,Mg,4.95666,-0.07214,refractory
1519.0,5.0,3.474656242,1.24,0.5,-8.87041076,5.0,5.0,16.461,0.0,7.0,5.0,-9.02056525,6.5,1.17,4.8,25.195,12.91,5.0,1.77,12.91,0.59,217.0,5.0,Mo,Mn,4.81209,-0.21671,refractory
1728.0,5.0,3.456049039,1.246,14.6,-5.43913904,3.5,5.0,18.168,3.0,10.0,2.0,-5.54632457,4.5,1.15,4.8,27.48,17.48,5.0,1.77,17.48,0.59,225.0,8.0,Mo,Ni,4.7032,-0.3256,refractory
1828.05,5.0,3.862851303,1.362,10.0,-5.0910129,2.5,5.0,19.63,5.0,10.0,0.0,-5.13777457,5.0,1.28,4.8,27.11,16.74,5.0,1.77,16.74,0.59,225.0,10.0,Mo,Pd,4.64559,-0.38321,refractory
2430.0,5.0,3.851649375,1.358,0.001,-10.09176138,5.0,5.0,16.461,0.0,7.0,5.0,-10.3551512,6.5,1.27,4.8,35.385,33.29,5.0,1.81,33.29,0.56,194.0,5.0,Mo,Tc,4.86088,-0.16792,refractory
3695.0,5.0,4.004162334,1.362,17.3,-12.95880062,5.5,6.0,16.461,1.0,6.0,6.0,-12.95880062,6.0,1.3,4.5,44.895,52.31,6.0,1.81,37.48,0.59,229.0,4.0,Mo,W,5.25813,0.22933,refractory
1799.0,5.0,5.058773104,1.362,1.8,-6.34029752,7.0,5.0,16.461,4.0,3.0,9.0,-6.464599775,4.5,1.62,4.8,24.435,11.39,9.0,1.77,11.39,0.59,194.0,1.0,Mo,Y,4.85281,-0.17599,refractory
692.68,5.0,3.822215211,1.332,16.9,-1.1570915,2.5,5.0,17.964,5.0,12.0,0.0,-1.239999915,4.0,1.25,4.8,22.274,7.068,5.0,1.77,7.068,0.59,194.0,10.0,Mo,Zn,4.95383,-0.07497,refractory
1090.0,5.0,4.459722881,1.362,3.8,-4.21496399,2.5,5.0,18.633,5.0,15.0,0.0,-4.650889115,5.5,1.2,4.8,30.96,24.44,5.0,1.77,24.44,0.58,166.0,10.0,Mo,As,4.85173,-0.17707,refractory
1211.4,5.0,4.514684539,1.362,3e-06,-4.27836489,2.5,5.0,16.461,5.0,14.0,0.0,-4.616039545,5.0,1.22,4.8,37.21,36.94,5.0,1.77,36.94,0.53,225.0,10.0,Mo,Ge,4.99847,-0.03033,refractory
3306.0,5.0,3.834043137,1.34,12.3,-10.33236566,4.5,6.0,16.461,1.0,8.0,4.0,-11.22070399,7.0,1.26,4.8,47.665,57.85,5.0,1.85,37.48,0.59,194.0,6.0,Mo,Os,4.75024,-0.27856,refractory
317.3,5.0,4.486063093,1.28,1e-16,-4.6830362,2.5,5.0,19.725,5.0,15.0,0.0,-5.400509043,5.5,1.06,4.8,28.01,18.54,5.0,1.77,18.54,0.17,2.0,0.0,Mo,P,4.77354,-0.25526,refractory
600.61,5.0,4.826588558,1.362,4.8,-3.58277457,2.5,6.0,16.461,5.0,14.0,0.0,-3.62902961,5.0,1.47,4.8,21.127,4.774,5.0,1.77,4.774,0.59,225.0,10.0,Mo,Pb,4.75637,-0.27243,refractory
2041.4,5.0,3.91660681,1.362,9.4,-5.92513799,3.0,6.0,18.563,4.0,10.0,1.0,-6.02850968,5.0,1.3,4.8,29.8275,22.175,5.0,1.78,22.175,0.59,225.0,9.0,Mo,Pt,4.50807,-0.52073,refractory
2607.0,5.0,3.780696194,1.325,14.9,-8.57093238,4.0,5.0,16.76,2.0,8.0,3.0,-9.19463357,7.0,1.25,4.8,38.035,38.59,5.0,1.83,37.48,0.59,194.0,7.0,Mo,Ru,4.61105,-0.41775,refractory
903.78,5.0,5.016478962,1.362,2.6,-3.88991513,2.5,5.0,16.53,5.0,15.0,0.0,-4.11736234,5.5,1.4,4.8,28.635,19.79,5.0,1.77,19.79,0.59,166.0,10.0,Mo,Sb,4.8968,-0.132,refractory
1814.0,5.0,4.463741557,1.362,1.5,-6.17209116,7.0,5.0,16.461,4.0,3.0,9.0,-6.28551309,4.5,1.44,4.8,25.79,14.1,9.0,1.77,14.1,0.59,194.0,1.0,Mo,Sc,4.98989,-0.03891,refractory
1687.0,5.0,4.340238825,1.32,0.0004,-4.90201039,2.5,5.0,16.461,5.0,14.0,0.0,-5.424918005,5.0,1.11,2.6,43.845,50.21,5.0,1.77,37.48,0.26,227.0,0.0,Mo,Si,4.92897,-0.09983,refractory
505.08,5.0,5.106259136,1.362,8.7,-3.89492544,2.5,5.0,16.461,5.0,14.0,0.0,-3.96104709,5.0,1.41,4.8,22.315,7.15,5.0,1.77,7.15,0.59,141.0,10.0,Mo,Sn,4.89301,-0.13579,refractory
1941.0,5.0,4.056692689,1.362,2.6,-7.66126811,6.5,5.0,16.461,3.0,4.0,8.0,-7.77522712,5.0,1.32,4.8,25.815,14.15,8.0,1.77,14.15,0.59,194.0,2.0,Mo,Ti,5.04455,0.01575,refractory
577.0,5.0,4.756905929,1.362,5.6,-2.25289773,2.5,6.0,20.428,5.0,13.0,0.0,-2.27267753,4.5,1.48,4.8,20.811,4.142,5.0,1.77,4.142,0.59,194.0,10.0,Mo,Tl,4.71577,-0.31303,refractory
2128.0,5.0,4.527079516,1.362,2.3,-8.46727487,6.5,5.0,16.461,3.0,4.0,8.0,-8.545958555,5.0,1.45,4.8,29.24,21.0,8.0,1.77,21.0,0.59,194.0,2.0,Mo,Zr,4.95952,-0.06928,refractory
1728.0,8.0,3.456049039,1.246,14.6,-5.43913904,2.0,4.0,18.168,0.0,10.0,2.0,-5.54632457,3.0,1.15,13.4,17.48,17.48,2.0,1.75,17.48,0.69,225.0,8.0,Ni,Ni,2.9528,0.0,transition_metal
1234.93,8.0,4.027313074,1.246,14.6,-2.71997917,1.0,5.0,21.49,2.0,11.0,0.0,-2.76539356,2.5,1.34,13.4,14.39,11.3,2.0,1.75,11.3,0.69,225.0,10.0,Ni,Ag,2.76393,-0.18887,transition_metal
933.47,8.0,4.039606536,1.246,14.6,-3.65018713,1.0,4.0,18.828,8.0,13.0,0.0,-3.74542312,3.0,1.18,13.4,14.095,10.71,2.0,1.75,10.71,0.54,225.0,0.0,Ni,Al,2.93619,-0.01661,transition_metal
1337.33,8.0,4.057502731,1.246,14.6,-3.18445282,1.0,6.0,20.521,2.0,11.0,0.0,-3.20969261,3.0,1.34,13.4,15.015,12.55,2.0,1.75,12.55,0.69,225.0,10.0,Ni,Au,2.70755,-0.24525,transition_metal
544.4,8.0,5.089070533,1.246,0.9,-3.89538374,1.0,6.0,18.168,2.0,15.0,0.0,-3.9736944,4.0,1.46,13.4,14.293,11.106,2.0,1.75,11.106,0.69,12.0,10.0,Ni,Bi,2.42128,-0.53152,transition_metal
594.22,8.0,4.272293466,1.246,14.6,-0.74033904,1.0,5.0,18.168,2.0,12.0,0.0,-0.812174225,2.5,1.41,13.4,11.845,6.21,2.0,1.75,6.21,0.69,194.0,10.0,Ni,Cd,2.69478,-0.25802,transition_metal
1768.0,8.0,3.447656463,1.246,14.6,-6.98008657,2.5,4.0,18.168,1.0,9.0,3.0,-7.080389145,3.0,1.16,13.0,16.84,16.2,3.0,1.75,16.2,0.65,194.0,7.0,Ni,Co,3.06804,0.11524,transition_metal
2180.0,8.0,3.550558664,1.246,7.9,-9.50480758,3.5,4.0,18.168,3.0,6.0,5.0,-9.50571654,4.5,1.18,4.9,19.24,21.0,5.0,1.75,17.48,0.62,229.0,5.0,Ni,Cr,2.92294,-0.02986,transition_metal
1357.77,8.0,3.537821124,1.246,14.6,-3.64288728,1.0,4.0,20.292,2.0,11.0,0.0,-3.68065482,2.5,1.17,13.4,15.54,13.6,2.0,1.75,13.6,0.69,225.0,10.0,Ni,Cu,2.88422,-0.06858,transition_metal
1811.0,8.0,3.501224062,1.241,11.2,-8.28548436,3.0,4.0,18.168,2.0,8.0,4.0,-8.28548436,4.5,1.17,11.8,15.645,13.81,4.0,1.77,13.81,0.55,229.0,6.0,Ni,Fe,2.93702,-0.01578,transition_metal
302.91,8.0,4.225207441,1.246,1.8,-2.97839076,1.0,4.0,20.51,2.0,13.0,0.0,-3.012255303,3.0,1.26,13.4,11.5325,5.585,2.0,1.75,5.585,0.62,64.0,10.0,Ni,Ga,2.87822,-0.07458,transition_metal
1211.4,8.0,4.514684539,1.246,3e-06,-4.27836489,1.0,4.0,18.168,2.0,14.0,0.0,-4.616039545,3.5,1.22,5.7,27.21,36.94,2.0,1.75,17.48,0.53,225.0,10.0,Ni,Ge,2.79661,-0.15619,transition_metal
2506.0,8.0,4.461398209,1.246,3.4,-9.77464936,5.0,6.0,18.168,6.0,4.0,8.0,-9.954299335,3.5,1.44,5.9,22.34,27.2,8.0,1.75,17.48,0.69,194.0,2.0,Ni,Hf,2.74196,-0.21084,transition_metal
234.32,8.0,4.656246199,1.246,1.0,-0.15983096,1.0,6.0,18.759,2.0,12.0,0.0,-0.250105562,2.5,1.49,13.4,9.8875,2.295,2.0,1.75,2.295,0.69,166.0,10.0,Ni,Hg,2.63922,-0.31358,transition_metal
429.75,8.0,4.595332379,1.246,3.4,-2.65390512,1.0,5.0,18.869,2.0,13.0,0.0,-2.66680196,3.0,1.44,13.4,10.3855,3.291,2.0,1.75,3.291,0.69,139.0,10.0,Ni,In,2.70238,-0.25042,transition_metal
2739.0,8.0,3.84489682,1.246,14.6,-8.22715557,2.5,6.0,18.168,1.0,9.0,3.0,-8.84851145,3.0,1.27,6.4,29.3,41.12,3.0,1.83,17.48,0.63,225.0,7.0,Ni,Ir,3.4554,0.5026,transition_metal
923.0,8.0,4.50714913,1.246,14.6,-1.51367083,1.0,4.0,18.168,8.0,2.0,0.0,-1.54227231,2.5,1.36,13.4,12.98,8.48,2.0,1.75,8.48,0.69,194.0,0.0,Ni,Mg,2.84823,-0.10457,transition_metal
1519.0,8.0,3.474656242,1.24,0.5,-8.87041076,3.5,4.0,18.168,3.0,7.0,5.0,-9.02056525,5.0,1.17,13.4,15.195,12.91,5.0,1.75,12.91,0.67,217.0,5.0,Ni,Mn,2.93738,-0.01542,transition_metal
2896.0,8.0,3.973998007,1.246,14.6,-10.84610777,3.5,5.0,18.168,3.0,6.0,5.0,-10.84610777,4.5,1.3,4.8,27.48,37.48,5.0,1.77,17.48,0.59,229.0,5.0,Ni,Mo,2.98791,0.03511,transition_metal
2750.0,8.0,4.173988903,1.246,6.6,-10.09332153,4.0,5.0,18.168,4.0,5.0,6.0,-10.09332153,4.0,1.34,7.3,23.74,30.0,6.0,1.75,17.48,0.64,229.0,4.0,Ni,Nb,2.86462,-0.08818,transition_metal
3306.0,8.0,3.834043137,1.246,12.3,-10.33236566,3.0,6.0,18.168,2.0,8.0,4.0,-11.22070399,5.5,1.26,5.1,37.665,57.85,4.0,1.85,17.48,0.63,194.0,6.0,Ni,Os,3.5381,0.5853,transition_metal
600.61,8.0,4.826588558,1.246,4.8,-3.58277457,1.0,6.0,18.168,2.0,14.0,0.0,-3.62902961,3.5,1.47,13.4,11.127,4.774,2.0,1.75,4.774,0.69,225.0,10.0,Ni,Pb,2.51994,-0.43286,transition_metal
1828.05,8.0,3.862851303,1.246,10.0,-5.0910129,1.0,5.0,19.63,2.0,10.0,0.0,-5.13777457,3.5,1.28,11.8,17.11,16.74,2.0,1.75,16.74,0.64,225.0,10.0,Ni,Pd,2.81443,-0.13837,transition_metal
2041.4,8.0,3.91660681,1.246,9.4,-5.92513799,1.5,6.0,18.563,1.0,10.0,1.0,-6.02850968,3.5,1.3,8.8,19.8275,22.175,2.0,1.78,17.48,0.63,225.0,9.0,Ni,Pt,3.06244,0.10964,transition_metal
3459.0,8.0,3.884620563,1.246,5.8,-12.10177805,3.5,6.0,18.168,3.0,7.0,5.0,-12.41702777,5.0,1.28,6.2,25.78,34.08,5.0,1.85,17.48,0.53,194.0,5.0,Ni,Re,3.45954,0.50674,transition_metal
2237.0,8.0,3.79278409,1.246,14.6,-6.90998391,2.0,5.0,18.168,0.0,9.0,2.0,-7.25364552,4.5,1.25,8.2,22.035,26.59,2.0,1.76,17.48,0.67,225.0,8.0,Ni,Rh,3.1518,0.199,transition_metal
2607.0,8.0,3.780696194,1.246,14.6,-8.57093238,2.5,5.0,18.168,1.0,8.0,3.0,-9.19463357,5.5,1.25,6.4,28.035,38.59,3.0,1.83,17.48,0.62,194.0,7.0,Ni,Ru,3.20734,0.25454,transition_metal
388.36,8.0,4.689784664,1.246,5e-16,-3.00278915,1.0,4.0,23.33,8.0,16.0,0.0,-4.097216719,4.5,1.02,13.4,9.6005,1.721,2.0,1.75,1.721,0.29,70.0,0.0,Ni,S,2.15778,-0.79502,transition_metal
903.78,8.0,5.016478962,1.246,2.6,-3.88991513,1.0,5.0,18.168,2.0,15.0,0.0,-4.11736234,4.0,1.4,11.0,18.635,19.79,2.0,1.75,17.48,0.69,166.0,10.0,Ni,Sb,2.67569,-0.27711,transition_metal
1814.0,8.0,4.463741557,1.246,1.5,-6.17209116,5.5,4.0,18.168,7.0,3.0,9.0,-6.28551309,3.0,1.44,10.0,15.79,14.1,9.0,1.75,14.1,0.69,194.0,1.0,Ni,Sc,2.69859,-0.25421,transition_metal
1687.0,8.0,4.340238825,1.246,0.0004,-4.90201039,1.0,4.0,18.168,8.0,14.0,0.0,-5.424918005,3.5,1.11,2.6,33.845,50.21,2.0,1.75,17.48,0.26,227.0,0.0,Ni,Si,2.71012,-0.24268,transition_metal
505.08,8.0,5.106259136,1.246,8.7,-3.89492544,1.0,5.0,18.168,2.0,14.0,0.0,-3.96104709,3.5,1.41,13.4,12.315,7.15,2.0,1.75,7.15,0.69,141.0,10.0,Ni,Sn,2.70727,-0.24553,transition_metal
3290.0,8.0,4.169391995,1.246,8.1,-11.85139954,4.5,6.0,18.168,5.0,5.0,7.0,-11.85139954,4.0,1.34,6.3,27.025,36.57,7.0,1.75,17.48,0.64,229.0,3.0,Ni,Ta,2.8567,-0.0961,transition_metal
2430.0,8.0,3.851649375,1.246,0.001,-10.09176138,3.5,5.0,18.168,3.0,7.0,5.0,-10.3551512,5.0,1.27,8.0,25.385,33.29,5.0,1.81,17.48,0.56,194.0,5.0,Ni,Tc,3.14028,0.18748,transition_metal
1941.0,8.0,4.056692689,1.246,2.6,-7.66126811,5.0,4.0,18.168,6.0,4.0,8.0,-7.77522712,3.5,1.32,8.6,15.815,14.15,8.0,1.75,14.15,0.61,194.0,2.0,Ni,Ti,2.91783,-0.03497,transition_metal
577.0,8.0,4.756905929,1.246,5.6,-2.25289773,1.0,6.0,20.428,2.0,13.0,0.0,-2.27267753,3.0,1.48,13.4,10.811,4.142,2.0,1.75,4.142,0.69,194.0,10.0,Ni,Tl,2.57275,-0.38005,transition_metal
2183.0,8.0,3.733467966,1.246,4.0,-8.93926069,4.5,4.0,18.168,5.0,5.0,7.0,-8.93926069,4.0,1.22,8.4,19.49,21.5,7.0,1.75,17.48,0.54,229.0,3.0,Ni,V,2.94973,-0.00307,transition_metal
3695.0,8.0,4.004162334,1.246,14.6,-12.95880062,4.0,6.0,18.168,4.0,6.0,6.0,-12.95880062,4.5,1.3,4.5,34.895,52.31,6.0,1.81,17.48,0.6,229.0,4.0,Ni,W,3.19678,0.24398,transition_metal
692.68,8.0,3.822215211,1.246,14.6,-1.1570915,1.0,4.0,18.168,2.0,12.0,0.0,-1.239999915,2.5,1.25,13.4,12.274,7.068,2.0,1.75,7.068,0.69,194.0,10.0,Ni,Zn,2.89612,-0.05668,transition_metal
2128.0,8.0,4.527079516,1.246,2.3,-8.46727487,5.0,5.0,18.168,6.0,4.0,8.0,-8.545958555,3.5,1.45,5.7,19.24,21.0,8.0,1.75,17.48,0.69,194.0,2.0,Ni,Zr,2.64715,-0.30565,transition_metal
600.61,10.0,4.826588558,1.75,4.8,-3.58277457,0.0,6.0,15.028,0.0,14.0,0.0,-3.62902961,4.0,1.47,28.8,4.774,4.774,0.0,1.15,4.774,1.19,225.0,10.0,Pb,Pb,1.0788,0.0,non-transition-metal
1234.93,10.0,4.027313074,1.444,4.8,-2.71997917,0.0,6.0,21.49,0.0,11.0,0.0,-2.76539356,3.0,1.34,18.9,8.037,11.3,0.0,1.36,4.774,1.15,225.0,10.0,Pb,Ag,0.81681,-0.26199,non-transition-metal
594.22,10.0,4.272293466,1.489,4.8,-0.74033904,0.0,6.0,16.908,0.0,12.0,0.0,-0.812174225,3.0,1.41,28.8,5.492,6.21,0.0,1.24,4.774,0.95,194.0,10.0,Pb,Cd,0.94688,-0.13192,non-transition-metal
2896.0,10.0,3.973998007,1.362,4.8,-10.84610777,2.5,6.0,16.461,5.0,6.0,5.0,-10.84610777,5.0,1.3,4.8,21.127,37.48,5.0,1.77,4.774,0.59,229.0,5.0,Pb,Mo,1.6152,0.5364,non-transition-metal
2750.0,10.0,4.173988903,1.429,4.8,-10.09332153,3.0,6.0,15.028,6.0,5.0,6.0,-10.09332153,4.5,1.34,7.3,17.387,30.0,6.0,1.64,4.774,0.64,229.0,4.0,Pb,Nb,1.6703,0.5915,non-transition-metal
1828.05,10.0,3.862851303,1.375,4.8,-5.0910129,0.0,6.0,19.63,0.0,10.0,0.0,-5.13777457,4.0,1.28,11.8,10.757,16.74,0.0,1.67,4.774,0.64,225.0,10.0,Pb,Pd,0.87359,-0.20521,non-transition-metal
1799.0,10.0,5.058773104,1.75,1.8,-6.34029752,4.5,6.0,15.028,9.0,3.0,9.0,-6.464599775,3.5,1.62,11.3,8.082,11.39,9.0,1.21,4.774,1.02,194.0,1.0,Pb,Y,1.28672,0.20792,non-transition-metal
2128.0,10.0,4.527079516,1.6,2.3,-8.46727487,4.0,6.0,15.028,8.0,4.0,8.0,-8.545958555,4.0,1.45,5.7,12.887,21.0,8.0,1.41,4.774,0.84,194.0,2.0,Pb,Zr,1.5886,0.5098,non-transition-metal
1828.05,10.0,3.862851303,1.375,10.0,-5.0910129,0.0,5.0,19.63,0.0,10.0,0.0,-5.13777457,4.0,1.28,11.8,16.74,16.74,0.0,1.67,16.74,0.64,225.0,10.0,Pd,Pd,2.646,0.0,noble-metal
1234.93,10.0,4.027313074,1.375,10.0,-2.71997917,0.0,5.0,21.49,0.0,11.0,0.0,-2.76539356,3.0,1.34,11.8,14.02,11.3,0.0,1.67,11.3,0.64,225.0,10.0,Pd,Ag,2.53626,-0.10974,noble-metal
1337.33,10.0,4.057502731,1.375,10.0,-3.18445282,0.0,6.0,20.521,0.0,11.0,0.0,-3.20969261,3.5,1.34,11.8,14.645,12.55,0.0,1.67,12.55,0.64,225.0,10.0,Pd,Au,2.52855,-0.11745,noble-metal
594.22,10.0,4.272293466,1.375,10.0,-0.74033904,0.0,5.0,19.63,0.0,12.0,0.0,-0.812174225,3.0,1.41,11.8,11.475,6.21,0.0,1.67,6.21,0.64,194.0,10.0,Pd,Cd,2.47774,-0.16826,noble-metal
1768.0,10.0,3.447656463,1.253,10.0,-6.98008657,1.5,5.0,19.63,3.0,9.0,3.0,-7.080389145,3.5,1.16,11.8,16.47,16.2,3.0,1.75,16.2,0.64,194.0,7.0,Pd,Co,2.64417,-0.00183,noble-metal
2180.0,10.0,3.550558664,1.249,7.9,-9.50480758,2.5,5.0,19.63,5.0,6.0,5.0,-9.50571654,5.0,1.18,4.9,18.87,21.0,5.0,1.73,16.74,0.62,229.0,5.0,Pd,Cr,3.14051,0.49451,noble-metal
1357.77,10.0,3.537821124,1.278,10.0,-3.64288728,0.0,5.0,20.292,0.0,11.0,0.0,-3.68065482,3.0,1.17,11.8,15.17,13.6,0.0,1.67,13.6,0.64,225.0,10.0,Pd,Cu,2.53568,-0.11032,noble-metal
1811.0,10.0,3.501224062,1.241,10.0,-8.28548436,2.0,5.0,19.63,4.0,8.0,4.0,-8.28548436,5.0,1.17,11.8,15.275,13.81,4.0,1.77,13.81,0.55,229.0,6.0,Pd,Fe,2.81947,0.17347,noble-metal
2506.0,10.0,4.461398209,1.375,3.4,-9.77464936,4.0,6.0,19.63,8.0,4.0,8.0,-9.954299335,4.0,1.44,5.9,21.97,27.2,8.0,1.67,16.74,0.64,194.0,2.0,Pd,Hf,2.88661,0.24061,noble-metal
234.32,10.0,4.656246199,1.375,1.0,-0.15983096,0.0,6.0,19.63,0.0,12.0,0.0,-0.250105562,3.0,1.49,11.8,9.5175,2.295,0.0,1.67,2.295,0.64,166.0,10.0,Pd,Hg,2.3763,-0.2697,noble-metal
2739.0,10.0,3.84489682,1.357,10.0,-8.22715557,1.5,6.0,19.63,3.0,9.0,3.0,-8.84851145,3.5,1.27,6.4,28.93,41.12,3.0,1.83,16.74,0.63,225.0,7.0,Pd,Ir,3.18873,0.54273,noble-metal
1193.0,10.0,5.28468344,1.375,1.9,-4.79586452,4.5,6.0,19.63,9.0,3.0,9.0,-4.927546185,3.5,1.25,5.2,11.47,6.2,9.0,1.67,6.2,0.64,194.0,1.0,Pd,La,1.70667,-0.93933,noble-metal
1519.0,10.0,3.474656242,1.24,0.5,-8.87041076,2.5,5.0,19.63,5.0,7.0,5.0,-9.02056525,5.5,1.17,11.8,14.825,12.91,5.0,1.67,12.91,0.64,217.0,5.0,Pd,Mn,2.98927,0.34327,noble-metal
2896.0,10.0,3.973998007,1.362,10.0,-10.84610777,2.5,5.0,19.63,5.0,6.0,5.0,-10.84610777,5.0,1.3,4.8,27.11,37.48,5.0,1.77,16.74,0.59,229.0,5.0,Pd,Mo,3.66703,1.02103,noble-metal
2750.0,10.0,4.173988903,1.375,6.6,-10.09332153,3.0,5.0,19.63,6.0,5.0,6.0,-10.09332153,4.5,1.34,7.3,23.37,30.0,6.0,1.67,16.74,0.64,229.0,4.0,Pd,Nb,3.34044,0.69444,noble-metal
1728.0,10.0,3.456049039,1.246,10.0,-5.43913904,1.0,5.0,19.63,2.0,10.0,2.0,-5.54632457,3.5,1.15,11.8,17.11,17.48,2.0,1.75,16.74,0.64,225.0,8.0,Pd,Ni,2.51311,-0.13289,noble-metal
3306.0,10.0,3.834043137,1.34,10.0,-10.33236566,2.0,6.0,19.63,4.0,8.0,4.0,-11.22070399,6.0,1.26,5.1,37.295,57.85,4.0,1.85,16.74,0.63,194.0,6.0,Pd,Os,3.59298,0.94698,noble-metal
2041.4,10.0,3.91660681,1.375,9.4,-5.92513799,0.5,6.0,19.63,1.0,10.0,1.0,-6.02850968,4.0,1.3,8.8,19.4575,22.175,1.0,1.78,16.74,0.63,225.0,9.0,Pd,Pt,2.81414,0.16814,noble-metal
3459.0,10.0,3.884620563,1.37,5.8,-12.10177805,2.5,6.0,19.63,5.0,7.0,5.0,-12.41702777,5.5,1.28,6.2,25.41,34.08,5.0,1.85,16.74,0.53,194.0,5.0,Pd,Re,3.90857,1.26257,noble-metal
2237.0,10.0,3.79278409,1.345,10.0,-6.90998391,1.0,5.0,19.63,2.0,9.0,2.0,-7.25364552,5.0,1.25,8.2,21.665,26.59,2.0,1.76,16.74,0.64,225.0,8.0,Pd,Rh,2.91192,0.26592,noble-metal
2607.0,10.0,3.780696194,1.325,10.0,-8.57093238,1.5,5.0,19.63,3.0,8.0,3.0,-9.19463357,6.0,1.25,6.4,27.665,38.59,3.0,1.83,16.74,0.62,194.0,7.0,Pd,Ru,3.24624,0.60024,noble-metal
1814.0,10.0,4.463741557,1.375,1.5,-6.17209116,4.5,5.0,19.63,9.0,3.0,9.0,-6.28551309,3.5,1.44,10.0,15.42,14.1,9.0,1.67,14.1,0.64,194.0,1.0,Pd,Sc,2.66382,0.01782,noble-metal
3290.0,10.0,4.169391995,1.375,8.1,-11.85139954,3.5,6.0,19.63,7.0,5.0,7.0,-11.85139954,4.5,1.34,6.3,26.655,36.57,7.0,1.67,16.74,0.64,229.0,3.0,Pd,Ta,3.4692,0.8232,noble-metal
2430.0,10.0,3.851649375,1.358,0.001,-10.09176138,2.5,5.0,19.63,5.0,7.0,5.0,-10.3551512,5.5,1.27,8.0,25.015,33.29,5.0,1.81,16.74,0.56,194.0,5.0,Pd,Tc,3.56999,0.92399,noble-metal
1941.0,10.0,4.056692689,1.375,2.6,-7.66126811,4.0,5.0,19.63,8.0,4.0,8.0,-7.77522712,4.0,1.32,8.6,15.445,14.15,8.0,1.67,14.15,0.61,194.0,2.0,Pd,Ti,2.8257,0.1797,noble-metal
2183.0,10.0,3.733467966,1.321,4.0,-8.93926069,3.5,5.0,19.63,7.0,5.0,7.0,-8.93926069,4.5,1.22,8.4,19.12,21.5,7.0,1.67,16.74,0.54,229.0,3.0,Pd,V,3.13015,0.48415,noble-metal
3695.0,10.0,4.004162334,1.37,10.0,-12.95880062,3.0,6.0,19.63,6.0,6.0,6.0,-12.95880062,5.0,1.3,4.5,34.525,52.31,6.0,1.81,16.74,0.6,229.0,4.0,Pd,W,3.88576,1.23976,noble-metal
1799.0,10.0,5.058773104,1.375,1.8,-6.34029752,4.5,5.0,19.63,9.0,3.0,9.0,-6.464599775,3.5,1.62,11.3,14.065,11.39,9.0,1.67,11.39,0.64,194.0,1.0,Pd,Y,2.32123,-0.32477,noble-metal
692.68,10.0,3.822215211,1.332,10.0,-1.1570915,0.0,5.0,19.63,0.0,12.0,0.0,-1.239999915,3.0,1.25,11.8,11.904,7.068,0.0,1.67,7.068,0.64,194.0,10.0,Pd,Zn,2.53447,-0.11153,noble-metal
2128.0,10.0,4.527079516,1.375,2.3,-8.46727487,4.0,5.0,19.63,8.0,4.0,8.0,-8.545958555,4.0,1.45,5.7,18.87,21.0,8.0,1.67,16.74,0.64,194.0,2.0,Pd,Zr,2.75424,0.10824,noble-metal
2041.4,9.0,3.91660681,1.38,9.4,-5.92513799,1.0,6.0,18.563,0.0,10.0,1.0,-6.02850968,4.0,1.3,8.8,22.175,22.175,1.0,1.78,22.175,0.63,225.0,9.0,Pt,Pt,2.6764,0.0,noble-metal
1234.93,9.0,4.027313074,1.38,9.4,-2.71997917,0.5,6.0,21.49,1.0,11.0,0.0,-2.76539356,3.0,1.34,8.8,16.7375,11.3,1.0,1.78,11.3,0.63,225.0,10.0,Pt,Ag,2.70488,0.02848,noble-metal
1337.33,9.0,4.057502731,1.38,9.4,-3.18445282,0.5,6.0,20.521,1.0,11.0,0.0,-3.20969261,3.5,1.34,8.8,17.3625,12.55,1.0,1.78,12.55,0.63,225.0,10.0,Pt,Au,2.5919,-0.0845,noble-metal
594.22,9.0,4.272293466,1.38,9.4,-0.74033904,0.5,6.0,18.563,1.0,12.0,0.0,-0.812174225,3.0,1.41,8.8,14.1925,6.21,1.0,1.78,6.21,0.63,194.0,10.0,Pt,Cd,2.59881,-0.07759,noble-metal
1768.0,9.0,3.447656463,1.253,9.4,-6.98008657,2.0,6.0,18.563,2.0,9.0,3.0,-7.080389145,3.5,1.16,8.8,19.1875,16.2,3.0,1.78,16.2,0.63,194.0,7.0,Pt,Co,2.55821,-0.11819,noble-metal
2180.0,9.0,3.550558664,1.249,7.9,-9.50480758,3.0,6.0,18.563,4.0,6.0,5.0,-9.50571654,5.0,1.18,4.9,21.5875,21.0,5.0,1.78,21.0,0.62,229.0,5.0,Pt,Cr,3.27821,0.60181,noble-metal
1357.77,9.0,3.537821124,1.278,9.4,-3.64288728,0.5,6.0,20.292,1.0,11.0,0.0,-3.68065482,3.0,1.17,8.8,17.8875,13.6,1.0,1.78,13.6,0.63,225.0,10.0,Pt,Cu,2.78163,0.10523,noble-metal
1811.0,9.0,3.501224062,1.241,9.4,-8.28548436,2.5,6.0,18.563,3.0,8.0,4.0,-8.28548436,5.0,1.17,8.8,17.9925,13.81,4.0,1.78,13.81,0.55,229.0,6.0,Pt,Fe,2.79402,0.11762,noble-metal
2506.0,9.0,4.461398209,1.38,3.4,-9.77464936,4.5,6.0,18.563,7.0,4.0,8.0,-9.954299335,4.0,1.44,5.9,24.6875,27.2,8.0,1.78,22.175,0.63,194.0,2.0,Pt,Hf,3.09901,0.42261,noble-metal
234.32,9.0,4.656246199,1.38,1.0,-0.15983096,0.5,6.0,18.759,1.0,12.0,0.0,-0.250105562,3.0,1.49,8.8,12.235,2.295,1.0,1.78,2.295,0.63,166.0,10.0,Pt,Hg,2.44997,-0.22643,noble-metal
2739.0,9.0,3.84489682,1.357,9.4,-8.22715557,2.0,6.0,18.563,2.0,9.0,3.0,-8.84851145,3.5,1.27,6.4,31.6475,41.12,3.0,1.83,22.175,0.63,225.0,7.0,Pt,Ir,3.13268,0.45628,noble-metal
1193.0,9.0,5.28468344,1.38,1.9,-4.79586452,5.0,6.0,18.563,8.0,3.0,9.0,-4.927546185,3.5,1.25,5.2,14.1875,6.2,9.0,1.78,6.2,0.63,194.0,1.0,Pt,La,1.22709,-0.59931,noble-metal
1519.0,9.0,3.474656242,1.24,0.5,-8.87041076,3.0,6.0,18.563,4.0,7.0,5.0,-9.02056525,5.5,1.17,8.8,17.5425,12.91,5.0,1.78,12.91,0.63,217.0,5.0,Pt,Mn,3.04415,0.36775,noble-metal
2896.0,9.0,3.973998007,1.362,9.4,-10.84610777,3.0,6.0,18.563,4.0,6.0,5.0,-10.84610777,5.0,1.3,4.8,29.8275,37.48,5.0,1.78,22.175,0.59,229.0,5.0,Pt,Mo,3.96811,1.29171,noble-metal
2750.0,9.0,4.173988903,1.38,6.6,-10.09332153,3.5,6.0,18.563,5.0,5.0,6.0,-10.09332153,4.5,1.34,7.3,26.0875,30.0,6.0,1.78,22.175,0.63,229.0,4.0,Pt,Nb,3.64272,0.96632,noble-metal
1728.0,9.0,3.456049039,1.246,9.4,-5.43913904,1.5,6.0,18.563,1.0,10.0,2.0,-5.54632457,3.5,1.15,8.8,19.8275,17.48,2.0,1.78,17.48,0.63,225.0,8.0,Pt,Ni,2.56024,-0.11616,noble-metal
3306.0,9.0,3.834043137,1.34,9.4,-10.33236566,2.5,6.0,18.563,3.0,8.0,4.0,-11.22070399,6.0,1.26,5.1,40.0125,57.85,4.0,1.85,22.175,0.63,194.0,6.0,Pt,Os,3.65457,0.97817,noble-metal
1828.05,9.0,3.862851303,1.375,9.4,-5.0910129,0.5,6.0,19.63,1.0,10.0,0.0,-5.13777457,4.0,1.28,8.8,19.4575,16.74,1.0,1.78,16.74,0.63,225.0,10.0,Pt,Pd,2.7125,0.0361,noble-metal
3459.0,9.0,3.884620563,1.37,5.8,-12.10177805,3.0,6.0,18.563,4.0,7.0,5.0,-12.41702777,5.5,1.28,6.2,28.1275,34.08,5.0,1.85,22.175,0.53,194.0,5.0,Pt,Re,4.11265,1.43625,noble-metal
2237.0,9.0,3.79278409,1.345,9.4,-6.90998391,1.5,6.0,18.563,1.0,9.0,2.0,-7.25364552,5.0,1.25,8.2,24.3825,26.59,2.0,1.78,22.175,0.63,225.0,8.0,Pt,Rh,2.89242,0.21602,noble-metal
2607.0,9.0,3.780696194,1.325,9.4,-8.57093238,2.0,6.0,18.563,2.0,8.0,3.0,-9.19463357,6.0,1.25,6.4,30.3825,38.59,3.0,1.83,22.175,0.62,194.0,7.0,Pt,Ru,3.32562,0.64922,noble-metal
1814.0,9.0,4.463741557,1.38,1.5,-6.17209116,5.0,6.0,18.563,8.0,3.0,9.0,-6.28551309,3.5,1.44,8.8,18.1375,14.1,9.0,1.78,14.1,0.63,194.0,1.0,Pt,Sc,2.85119,0.17479,noble-metal
3290.0,9.0,4.169391995,1.38,8.1,-11.85139954,4.0,6.0,18.563,6.0,5.0,7.0,-11.85139954,4.5,1.34,6.3,29.3725,36.57,7.0,1.78,22.175,0.63,229.0,3.0,Pt,Ta,3.74965,1.07325,noble-metal
2430.0,9.0,3.851649375,1.358,0.001,-10.09176138,3.0,6.0,18.563,4.0,7.0,5.0,-10.3551512,5.5,1.27,8.0,27.7325,33.29,5.0,1.81,22.175,0.56,194.0,5.0,Pt,Tc,3.78262,1.10622,noble-metal
1941.0,9.0,4.056692689,1.38,2.6,-7.66126811,4.5,6.0,18.563,7.0,4.0,8.0,-7.77522712,4.0,1.32,8.6,18.1625,14.15,8.0,1.78,14.15,0.61,194.0,2.0,Pt,Ti,3.05607,0.37967,noble-metal
2183.0,9.0,3.733467966,1.321,4.0,-8.93926069,4.0,6.0,18.563,6.0,5.0,7.0,-8.93926069,4.5,1.22,8.4,21.8375,21.5,7.0,1.78,21.5,0.54,229.0,3.0,Pt,V,3.33673,0.66033,noble-metal
3695.0,9.0,4.004162334,1.37,9.4,-12.95880062,3.5,6.0,18.563,5.0,6.0,6.0,-12.95880062,5.0,1.3,4.5,37.2425,52.31,6.0,1.81,22.175,0.6,229.0,4.0,Pt,W,4.17153,1.49513,noble-metal
1799.0,9.0,5.058773104,1.38,1.8,-6.34029752,5.0,6.0,18.563,8.0,3.0,9.0,-6.464599775,3.5,1.62,8.8,16.7825,11.39,9.0,1.78,11.39,0.63,194.0,1.0,Pt,Y,2.31825,-0.35815,noble-metal
692.68,9.0,3.822215211,1.332,9.4,-1.1570915,0.5,6.0,18.563,1.0,12.0,0.0,-1.239999915,3.0,1.25,8.8,14.6215,7.068,1.0,1.78,7.068,0.63,194.0,10.0,Pt,Zn,2.80416,0.12776,noble-metal
2128.0,9.0,4.527079516,1.38,2.3,-8.46727487,4.5,6.0,18.563,7.0,4.0,8.0,-8.545958555,4.0,1.45,5.7,21.5875,21.0,8.0,1.78,21.0,0.63,194.0,2.0,Pt,Zr,2.94058,0.26418,noble-metal
3695.0,4.0,4.004162334,1.37,18.2,-12.95880062,6.0,6.0,0.0,0.0,6.0,6.0,-12.95880062,6.0,1.3,4.5,52.31,52.31,6.0,1.81,52.31,0.6,229.0,4.0,W,W,6.1471,0.0,refractory
1234.93,4.0,4.027313074,1.37,18.2,-2.71997917,3.0,6.0,21.49,6.0,11.0,0.0,-2.76539356,4.0,1.34,4.5,31.805,11.3,6.0,1.81,11.3,0.6,225.0,10.0,W,Ag,5.71306,-0.43404,refractory
933.47,4.0,4.039606536,1.37,18.2,-3.65018713,3.0,6.0,18.828,4.0,13.0,0.0,-3.74542312,4.5,1.18,4.5,31.51,10.71,6.0,1.81,10.71,0.54,225.0,0.0,W,Al,6.168,0.0209,refractory
1090.0,4.0,4.459722881,1.37,3.8,-4.21496399,3.0,6.0,18.633,6.0,15.0,0.0,-4.650889115,5.5,1.2,4.5,38.375,24.44,6.0,1.81,24.44,0.58,166.0,10.0,W,As,5.92017,-0.22693,refractory
1337.33,4.0,4.057502731,1.37,18.2,-3.18445282,3.0,6.0,20.521,6.0,11.0,0.0,-3.20969261,4.5,1.34,4.5,32.43,12.55,6.0,1.81,12.55,0.6,225.0,10.0,W,Au,5.48304,-0.66406,refractory
1115.0,4.0,5.326014266,1.37,18.2,-1.92725921,3.0,6.0,11.871,4.0,2.0,0.0,-1.948329565,4.0,1.74,4.5,30.425,8.54,6.0,1.81,8.54,0.6,225.0,0.0,W,Ca,5.86536,-0.28174,refractory
594.22,4.0,4.272293466,1.37,14.7,-0.74033904,3.0,6.0,16.908,6.0,12.0,0.0,-0.812174225,4.0,1.41,4.5,29.26,6.21,6.0,1.81,6.21,0.6,194.0,10.0,W,Cd,5.8218,-0.3253,refractory
1768.0,4.0,3.447656463,1.253,17.9,-6.98008657,4.5,6.0,17.06,3.0,9.0,3.0,-7.080389145,4.5,1.16,4.5,34.255,16.2,6.0,1.81,16.2,0.6,194.0,7.0,W,Co,5.64026,-0.50684,refractory
2180.0,4.0,3.550558664,1.249,7.9,-9.50480758,5.5,6.0,16.5,1.0,6.0,5.0,-9.50571654,6.0,1.18,4.5,36.655,21.0,6.0,1.81,21.0,0.6,229.0,5.0,W,Cr,5.99785,-0.14925,refractory
1357.77,4.0,3.537821124,1.278,18.2,-3.64288728,3.0,6.0,20.292,6.0,11.0,0.0,-3.68065482,4.0,1.17,4.5,32.955,13.6,6.0,1.81,13.6,0.6,225.0,10.0,W,Cu,5.96294,-0.18416,refractory
1811.0,4.0,3.501224062,1.241,11.2,-8.28548436,5.0,6.0,16.18,2.0,8.0,4.0,-8.28548436,6.0,1.17,4.5,33.06,13.81,6.0,1.81,13.81,0.55,229.0,6.0,W,Fe,5.40392,-0.74318,refractory
302.91,4.0,4.225207441,1.37,1.8,-2.97839076,3.0,6.0,20.51,6.0,13.0,0.0,-3.012255303,4.5,1.26,4.5,28.9475,5.585,6.0,1.81,5.585,0.6,64.0,10.0,W,Ga,6.09089,-0.05621,refractory
1211.4,4.0,4.514684539,1.37,3e-06,-4.27836489,3.0,6.0,15.934,6.0,14.0,0.0,-4.616039545,5.0,1.22,4.5,44.625,36.94,6.0,1.81,36.94,0.53,225.0,10.0,W,Ge,6.02651,-0.12059,refractory
2506.0,4.0,4.461398209,1.37,3.4,-9.77464936,7.0,6.0,14.925,2.0,4.0,8.0,-9.954299335,5.0,1.44,4.5,39.755,27.2,8.0,1.81,27.2,0.6,194.0,2.0,W,Hf,6.1037,-0.0434,refractory
234.32,4.0,4.656246199,1.37,1.0,-0.15983096,3.0,6.0,18.759,6.0,12.0,0.0,-0.250105562,4.0,1.49,4.5,27.3025,2.295,6.0,1.81,2.295,0.6,166.0,10.0,W,Hg,5.65703,-0.49007,refractory
429.75,4.0,4.595332379,1.37,3.4,-2.65390512,3.0,6.0,18.869,6.0,13.0,0.0,-2.66680196,4.5,1.44,4.5,27.8005,3.291,6.0,1.81,3.291,0.6,139.0,10.0,W,In,5.92236,-0.22474,refractory
923.0,4.0,4.50714913,1.37,18.2,-1.51367083,3.0,6.0,15.035,4.0,2.0,0.0,-1.54227231,4.0,1.36,4.5,30.395,8.48,6.0,1.81,8.48,0.6,194.0,0.0,W,Mg,6.0591,-0.088,refractory
1519.0,4.0,3.474656242,1.24,0.5,-8.87041076,5.5,6.0,15.64,1.0,7.0,5.0,-9.02056525,6.5,1.17,4.5,32.61,12.91,6.0,1.81,12.91,0.6,217.0,5.0,W,Mn,5.77028,-0.37682,refractory
2896.0,4.0,3.973998007,1.362,17.3,-10.84610777,5.5,6.0,16.461,1.0,6.0,5.0,-10.84610777,6.0,1.3,4.5,44.895,37.48,6.0,1.81,37.48,0.59,229.0,5.0,W,Mo,6.03016,-0.11694,refractory
1728.0,4.0,3.456049039,1.246,14.6,-5.43913904,4.0,6.0,18.168,4.0,10.0,2.0,-5.54632457,4.5,1.15,4.5,34.895,17.48,6.0,1.81,17.48,0.6,225.0,8.0,W,Ni,5.77079,-0.37631,refractory
317.3,4.0,4.486063093,1.28,1e-16,-4.6830362,3.0,6.0,19.725,4.0,15.0,0.0,-5.400509043,5.5,1.06,4.5,35.425,18.54,6.0,1.81,18.54,0.17,2.0,0.0,W,P,5.83812,-0.30898,refractory
1828.05,4.0,3.862851303,1.37,10.0,-5.0910129,3.0,6.0,19.63,6.0,10.0,0.0,-5.13777457,5.0,1.28,4.5,34.525,16.74,6.0,1.81,16.74,0.6,225.0,10.0,W,Pd,5.59128,-0.55582,refractory
2041.4,4.0,3.91660681,1.37,9.4,-5.92513799,3.5,6.0,18.563,5.0,10.0,1.0,-6.02850968,5.0,1.3,4.5,37.2425,22.175,6.0,1.81,22.175,0.6,225.0,9.0,W,Pt,5.38202,-0.76508,refractory
2237.0,4.0,3.79278409,1.345,18.2,-6.90998391,4.0,6.0,18.08,4.0,9.0,2.0,-7.25364552,6.0,1.25,4.5,39.45,26.59,6.0,1.81,26.59,0.6,225.0,8.0,W,Rh,5.5271,-0.62,refractory
2607.0,4.0,3.780696194,1.325,14.9,-8.57093238,4.5,6.0,16.76,3.0,8.0,3.0,-9.19463357,7.0,1.25,4.5,45.45,38.59,6.0,1.83,38.59,0.6,194.0,7.0,W,Ru,5.6106,-0.5365,refractory
1814.0,4.0,4.463741557,1.37,1.5,-6.17209116,7.5,6.0,12.8,3.0,3.0,9.0,-6.28551309,4.5,1.44,4.5,33.205,14.1,9.0,1.81,14.1,0.6,194.0,1.0,W,Sc,6.11722,-0.02988,refractory
1687.0,4.0,4.340238825,1.32,0.0004,-4.90201039,3.0,6.0,16.345,4.0,14.0,0.0,-5.424918005,5.0,1.11,2.6,51.26,50.21,6.0,1.81,50.21,0.26,227.0,0.0,W,Si,6.04327,-0.10383,refractory
1050.0,4.0,6.008506453,1.37,5.0,-1.67793991,3.0,6.0,11.03,4.0,2.0,0.0,-1.6828136,4.0,1.91,4.5,29.87,7.43,6.0,1.81,7.43,0.6,225.0,0.0,W,Sr,5.64283,-0.50427,refractory
577.0,4.0,4.756905929,1.37,5.6,-2.25289773,3.0,6.0,20.428,6.0,13.0,0.0,-2.27267753,4.5,1.48,4.5,28.226,4.142,6.0,1.81,4.142,0.6,194.0,10.0,W,Tl,5.74236,-0.40474,refractory
2183.0,4.0,3.733467966,1.321,4.0,-8.93926069,6.5,6.0,14.65,1.0,5.0,7.0,-8.93926069,5.5,1.22,4.5,36.905,21.5,7.0,1.81,21.5,0.54,229.0,3.0,W,V,6.16991,0.02281,refractory
1799.0,4.0,5.058773104,1.37,1.8,-6.34029752,7.5,6.0,12.24,3.0,3.0,9.0,-6.464599775,4.5,1.62,4.5,31.85,11.39,9.0,1.81,11.39,0.6,194.0,1.0,W,Y,5.91681,-0.23029,refractory
692.68,4.0,3.822215211,1.332,16.9,-1.1570915,3.0,6.0,17.964,6.0,12.0,0.0,-1.239999915,4.0,1.25,4.5,29.689,7.068,6.0,1.81,7.068,0.6,194.0,10.0,W,Zn,6.05919,-0.08791,refractory
2128.0,4.0,4.527079516,1.37,2.3,-8.46727487,7.0,6.0,13.13,2.0,4.0,8.0,-8.545958555,5.0,1.45,4.5,36.655,21.0,8.0,1.81,21.0,0.6,194.0,2.0,W,Zr,6.07872,-0.06838,refractory
2128.0,2.0,4.527079516,1.6,2.3,-8.46727487,8.0,5.0,13.13,0.0,4.0,8.0,-8.545958555,4.0,1.45,5.7,21.0,21.0,8.0,1.41,21.0,0.84,194.0,2.0,Zr,Zr,2.57774,0.0,transition_metal
2180.0,2.0,3.550558664,1.249,2.3,-9.50480758,6.5,5.0,16.5,3.0,6.0,5.0,-9.50571654,5.0,1.18,4.9,21.0,21.0,8.0,1.73,21.0,0.62,229.0,5.0,Zr,Cr,2.45048,-0.14469,transition_metal
1357.77,2.0,3.537821124,1.278,2.3,-3.64288728,4.0,5.0,20.292,8.0,11.0,0.0,-3.68065482,3.0,1.17,5.7,17.3,13.6,8.0,1.47,13.6,0.73,225.0,10.0,Zr,Cu,2.76336,0.16682,transition_metal
2183.0,2.0,3.733467966,1.321,2.3,-8.93926069,7.5,5.0,14.65,1.0,5.0,7.0,-8.93926069,4.5,1.22,5.7,21.25,21.5,8.0,1.64,21.0,0.54,229.0,3.0,Zr,V,2.74559,0.16517,transition_metal
692.68,2.0,3.822215211,1.332,2.3,-1.1570915,4.0,5.0,17.964,8.0,12.0,0.0,-1.239999915,3.0,1.25,5.7,14.034,7.068,8.0,1.41,7.068,0.74,194.0,10.0,Zr,Zn,2.8041,0.20757,transition_metal
2896.0,2.0,3.973998007,1.362,2.3,-10.84610777,6.5,5.0,16.461,3.0,6.0,5.0,-10.84610777,5.0,1.3,4.8,29.24,37.48,8.0,1.77,21.0,0.59,229.0,5.0,Zr,Mo,2.30001,-0.29322,transition_metal
3695.0,2.0,4.004162334,1.37,2.3,-12.95880062,7.0,6.0,13.13,2.0,6.0,6.0,-12.95880062,5.0,1.3,4.5,36.655,52.31,8.0,1.81,21.0,0.6,229.0,4.0,Zr,W,2.56078,-0.02454,transition_metal
933.47,2.0,4.039606536,1.43,2.3,-3.65018713,4.0,5.0,18.828,2.0,13.0,0.0,-3.74542312,3.5,1.18,5.7,15.855,10.71,8.0,1.41,10.71,0.54,225.0,0.0,Zr,Al,3.09446,0.49792,transition_metal
1337.33,2.0,4.057502731,1.442,2.3,-3.18445282,4.0,6.0,20.521,8.0,11.0,0.0,-3.20969261,3.5,1.34,5.7,16.775,12.55,8.0,1.57,12.55,0.84,225.0,10.0,Zr,Au,2.73199,0.13545,transition_metal
1234.93,2.0,4.027313074,1.444,2.3,-2.71997917,4.0,5.0,21.49,8.0,11.0,0.0,-2.76539356,3.0,1.34,5.7,16.15,11.3,8.0,1.41,11.3,0.84,225.0,10.0,Zr,Ag,2.72588,0.12935,transition_metal
2750.0,2.0,4.173988903,1.429,2.3,-10.09332153,7.0,5.0,14.32,2.0,5.0,6.0,-10.09332153,4.5,1.34,5.7,25.5,30.0,8.0,1.64,21.0,0.64,229.0,4.0,Zr,Nb,2.52377,-0.06702,transition_metal
3290.0,2.0,4.169391995,1.43,2.3,-11.85139954,7.5,6.0,13.13,1.0,5.0,7.0,-11.85139954,4.5,1.34,5.7,28.785,36.57,8.0,1.63,21.0,0.64,229.0,3.0,Zr,Ta,2.74765,0.15385,transition_metal
1941.0,2.0,4.056692689,1.448,2.3,-7.66126811,8.0,5.0,13.58,0.0,4.0,8.0,-7.77522712,4.0,1.32,5.7,17.575,14.15,8.0,1.52,14.15,0.61,194.0,2.0,Zr,Ti,2.84263,0.24811,transition_metal
2506.0,2.0,4.461398209,1.564,2.3,-9.77464936,8.0,6.0,14.925,0.0,4.0,8.0,-9.954299335,4.0,1.44,5.7,24.1,27.2,8.0,1.45,21.0,0.83,194.0,2.0,Zr,Hf,2.80183,0.20414,transition_metal
505.08,2.0,5.106259136,1.6,2.3,-3.89492544,4.0,5.0,14.632,8.0,14.0,0.0,-3.96104709,4.0,1.41,5.7,14.075,7.15,8.0,1.41,7.15,0.71,141.0,10.0,Zr,Sn,2.84457,0.24804,transition_metal
