Site2_MeltingT_composition_average,Site2_MeltingT_arithmetic_average,Site2_MeltingT_min_value,Site2_MeltingT_max_value,Site1_NdUnfilled_arithmetic_average,Site2_GSenergy_pa_min_value,Site1_NdUnfilled_composition_average,Site1_AtomicRadii_max_value,Site1_AtomicRadii_arithmetic_average,MeltingT_difference,Site1_NdUnfilled_min_value,Site1_AtomicRadii_composition_average,Site1_NdUnfilled_max_value,Site1_AtomicRadii_min_value,Site2_BCCenergy_pa_max_value,Site2_BCCenergy_pa_min_value,Site2_GSenergy_pa_arithmetic_average,IonicRadii_composition_average,AtomicVolume_difference,Site2_GSenergy_pa_composition_average,group,mat,E_regression_shift
1234.93,1234.93,1234.93,1234.93,0.0,-2.76539356,0.0,1.444,1.444,0.0,0.0,1.444,0.0,1.444,-2.71997917,-2.71997917,-2.76539356,1.15,0.0,-2.76539356,original,[Ag][Ag],0.0
1768.0,1768.0,1768.0,1768.0,0.0,-7.080389145,0.0,1.444,1.444,533.0699999999999,0.0,1.444,0.0,1.444,-6.98008657,-6.98008657,-7.080389145,0.8999999999999999,6.0797872667776005,-7.080389145,original,[Ag][Co],-0.090141676
2180.0,2180.0,2180.0,2180.0,0.0,-9.50571654,0.0,1.444,1.444,945.07,0.0,1.444,0.0,1.444,-9.50480758,-9.50480758,-9.50571654,0.885,4.9827104759972,-9.50571654,original,[Ag][Cr],0.259138544
1357.77,1357.77,1357.77,1357.77,0.0,-3.68065482,0.0,1.444,1.444,122.83999999999992,0.0,1.444,0.0,1.444,-3.64288728,-3.64288728,-3.68065482,0.94,5.245706017990901,-3.68065482,original,[Ag][Cu],-0.022200405
1811.0,1811.0,1811.0,1811.0,0.0,-8.28548436,0.0,1.444,1.444,576.0699999999999,0.0,1.444,0.0,1.444,-8.28548436,-8.28548436,-8.28548436,0.85,5.298282980348501,-8.28548436,original,[Ag][Fe],0.317672341
1519.0,1519.0,1519.0,1519.0,0.0,-9.02056525034,0.0,1.444,1.444,284.06999999999994,0.0,1.444,0.0,1.444,-8.87041076,-8.87041076,-9.02056525034,0.91,4.8629434842923,-9.02056525034,original,[Ag][Mn],0.202185741
1728.0,1728.0,1728.0,1728.0,0.0,-5.54632457,0.0,1.444,1.444,493.07,0.0,1.444,0.0,1.444,-5.43913904,-5.43913904,-5.54632457,0.92,6.1343635081857,-5.54632457,original,[Ag][Ni],0.250571478
1814.0,1814.0,1814.0,1814.0,0.0,-6.28551309,0.0,1.444,1.444,579.0699999999999,0.0,1.444,0.0,1.444,-6.17209116,-6.17209116,-6.28551309,0.95,7.933662968700798,-6.28551309,original,[Ag][Sc],-0.001431337
1941.0,1941.0,1941.0,1941.0,0.0,-7.77522712,0.0,1.444,1.444,706.0699999999999,0.0,1.444,0.0,1.444,-7.66126811,-7.66126811,-7.77522712,0.8799999999999999,0.5606692089153,-7.77522712,original,[Ag][Ti],0.164968058
2183.0,2183.0,2183.0,2183.0,0.0,-8.93926069,0.0,1.444,1.444,948.07,0.0,1.444,0.0,1.444,-8.93926069,-8.93926069,-8.93926069,0.845,3.2307497289106006,-8.93926069,original,[Ag][V],0.248163228
692.68,692.68,692.68,692.68,0.0,-1.239999915,0.0,1.444,1.444,542.2500000000001,0.0,1.444,0.0,1.444,-1.1570915,-1.1570915,-1.239999915,0.945,1.8699642150883005,-1.239999915,original,[Ag][Zn],-0.146976233
933.47,933.47,933.47,933.47,0.0,-3.74542312,0.0,1.43,1.43,0.0,0.0,1.43,0.0,1.43,-3.65018713,-3.65018713,-3.74542312,0.54,0.0,-3.74542312,original,[Al][Al],0.0
1234.93,1234.93,1234.93,1234.93,0.0,-2.76539356,0.0,1.43,1.43,301.46000000000004,0.0,1.43,0.0,1.43,-2.71997917,-2.71997917,-2.76539356,0.845,0.4812234323809008,-2.76539356,original,[Al][Ag],-0.12503
1090.0,1090.0,1090.0,1090.0,0.0,-4.650889115,0.0,1.43,1.43,156.52999999999997,0.0,1.43,0.0,1.43,-4.21496399,-4.21496399,-4.650889115,0.56,5.1295412196680985,-4.650889115,original,[Al][As],-0.14243
1337.33,1337.33,1337.33,1337.33,0.0,-3.20969261,0.0,1.43,1.43,403.8599999999999,0.0,1.43,0.0,1.43,-3.18445282,-3.18445282,-3.20969261,0.6950000000000001,0.3526390989705987,-3.20969261,original,[Al][Au],-0.22471
544.4,544.4,544.4,544.4,0.0,-3.9736944,0.0,1.43,1.43,389.0700000000001,0.0,1.43,0.0,1.43,-3.89538374,-3.89538374,-3.9736944,0.785,18.8890345646965,-3.9736944,original,[Al][Bi],-0.35403
1115.0,1115.0,1115.0,1115.0,0.0,-1.948329565,0.0,1.43,1.43,181.53,0.0,1.43,0.0,1.43,-1.92725921,-1.92725921,-1.948329565,0.77,26.3427627849617,-1.948329565,original,[Al][Ca],-0.19265
594.22,594.22,594.22,594.22,0.0,-0.812174225,0.0,1.43,1.43,339.25,0.0,1.43,0.0,1.43,-0.74033904,-0.74033904,-0.812174225,0.745,4.985600938285099,-0.812174225,original,[Al][Cd],-0.10511
1071.0,1071.0,1071.0,1071.0,0.0,-4.77656965,0.0,1.43,1.43,137.52999999999997,0.0,1.43,0.0,1.43,-4.65518148,-4.65518148,-4.77656965,0.84,18.190076960824,-4.77656965,original,[Al][Ce],-0.33259
1768.0,1768.0,1768.0,1768.0,0.0,-7.080389145,0.0,1.43,1.43,834.53,0.0,1.43,0.0,1.43,-6.98008657,-6.98008657,-7.080389145,0.595,5.5985638343967,-7.080389145,original,[Al][Co],0.7443
2180.0,2180.0,2180.0,2180.0,0.0,-9.50571654,0.0,1.43,1.43,1246.53,0.0,1.43,0.0,1.43,-9.50480758,-9.50480758,-9.50571654,0.5800000000000001,4.501487043616299,-9.50571654,original,[Al][Cr],0.9101
1357.77,1357.77,1357.77,1357.77,0.0,-3.68065482,0.0,1.43,1.43,424.3,0.0,1.43,0.0,1.43,-3.64288728,-3.64288728,-3.68065482,0.635,4.764482585610001,-3.68065482,original,[Al][Cu],-0.07002
1770.0,1770.0,1770.0,1770.0,0.0,-4.563633745,0.0,1.43,1.43,836.53,0.0,1.43,0.0,1.43,-4.42187783,-4.42187783,-4.563633745,0.77,14.0416438495035,-4.563633745,original,[Al][Er],-0.10337
1811.0,1811.0,1811.0,1811.0,0.0,-8.28548436,0.0,1.43,1.43,877.53,0.0,1.43,0.0,1.43,-8.28548436,-8.28548436,-8.28548436,0.545,4.817059547967601,-8.28548436,original,[Al][Fe],0.8777
302.91,302.91,302.91,302.91,0.0,-3.0122553025,0.0,1.43,1.43,630.56,0.0,1.43,0.0,1.43,-2.97839076,-2.97839076,-3.0122553025,0.5800000000000001,3.0160889655725,-3.0122553025,original,[Al][Ga],-0.07761
1211.4,1211.4,1211.4,1211.4,0.0,-4.616039545,0.0,1.43,1.43,277.93000000000006,0.0,1.43,0.0,1.43,-4.27836489,-4.27836489,-4.616039545,0.535,6.066551864848702,-4.616039545,original,[Al][Ge],-0.11104
2506.0,2506.0,2506.0,2506.0,0.0,-9.954299335,0.0,1.43,1.43,1572.53,0.0,1.43,0.0,1.43,-9.77464936,-9.77464936,-9.954299335,0.685,5.674286676930901,-9.954299335,original,[Al][Hf],0.79709
234.32,234.32,234.32,234.32,0.0,-0.250105562414,0.0,1.43,1.43,699.1500000000001,0.0,1.43,0.0,1.43,-0.15983096,-0.15983096,-0.250105562414,0.78,8.0173175521203,-0.250105562414,original,[Al][Hg],-0.18024
429.75,429.75,429.75,429.75,0.0,-2.66680196,0.0,1.43,1.43,503.72,0.0,1.43,0.0,1.43,-2.65390512,-2.65390512,-2.66680196,0.67,9.4882336428788,-2.66680196,original,[Al][In],-0.16474
2739.0,2739.0,2739.0,2739.0,0.0,-8.84851145,0.0,1.43,1.43,1805.53,0.0,1.43,0.0,1.43,-8.22715557,-8.22715557,-8.84851145,0.585,2.445874048897199,-8.84851145,original,[Al][Ir],0.9591
1193.0,1193.0,1193.0,1193.0,0.0,-4.927546185,0.0,1.43,1.43,259.53,0.0,1.43,0.0,1.43,-4.79586452,-4.79586452,-4.927546185,0.85,20.9362216012932,-4.927546185,original,[Al][La],-0.48849
923.0,923.0,923.0,923.0,0.0,-1.54227231,0.0,1.43,1.43,10.470000000000027,0.0,1.43,0.0,1.43,-1.51367083,-1.51367083,-1.54227231,0.63,6.6278685781168,-1.54227231,original,[Al][Mg],-0.01939
1519.0,1519.0,1519.0,1519.0,0.0,-9.02056525034,0.0,1.43,1.43,585.53,0.0,1.43,0.0,1.43,-8.87041076,-8.87041076,-9.02056525034,0.605,4.381720051911399,-9.02056525034,original,[Al][Mn],0.6552
2896.0,2896.0,2896.0,2896.0,0.0,-10.84610777,0.0,1.43,1.43,1962.53,0.0,1.43,0.0,1.43,-10.84610777,-10.84610777,-10.84610777,0.565,1.093543829707599,-10.84610777,original,[Al][Mo],1.7601
370.87,370.87,370.87,370.87,0.0,-1.26024138333,0.0,1.43,1.43,562.6,0.0,1.43,0.0,1.43,-1.2544847,-1.2544847,-1.26024138333,0.78,22.8439043647428,-1.26024138333,original,[Al][Na],-0.06923
2750.0,2750.0,2750.0,2750.0,0.0,-10.09332153,0.0,1.43,1.43,1816.53,0.0,1.43,0.0,1.43,-10.09332153,-10.09332153,-10.09332153,0.5900000000000001,1.4077084628069017,-10.09332153,original,[Al][Nb],1.4009
1294.0,1294.0,1294.0,1294.0,0.0,-4.76235134,0.0,1.43,1.43,360.53,0.0,1.43,0.0,1.43,-4.6307523,-4.6307523,-4.76235134,0.915,17.574630364944397,-4.76235134,original,[Al][Nd],-0.3353
1728.0,1728.0,1728.0,1728.0,0.0,-5.54632457,0.0,1.43,1.43,794.53,0.0,1.43,0.0,1.43,-5.43913904,-5.43913904,-5.54632457,0.615,5.653140075804799,-5.54632457,original,[Al][Ni],0.33349
3306.0,3306.0,3306.0,3306.0,0.0,-11.22070399,0.0,1.43,1.43,2372.53,0.0,1.43,0.0,1.43,-10.33236566,-10.33236566,-11.22070399,0.585,2.6107268494198994,-11.22070399,original,[Al][Os],1.54
317.3,317.3,317.3,317.3,0.0,-5.4005090425,0.0,1.43,1.43,616.1700000000001,0.0,1.43,0.0,1.43,-4.6830362,-4.6830362,-5.4005090425,0.355,11.6196972991313,-5.4005090425,original,[Al][P],-0.22713
600.61,600.61,600.61,600.61,0.0,-3.62902961,0.0,1.43,1.43,332.86,0.0,1.43,0.0,1.43,-3.58277457,-3.58277457,-3.62902961,0.865,13.746998495229398,-3.62902961,original,[Al][Pb],-0.32056
1828.05,1828.05,1828.05,1828.05,0.0,-5.13777457,0.0,1.43,1.43,894.5799999999999,0.0,1.43,0.0,1.43,-5.0910129,-5.0910129,-5.13777457,0.5900000000000001,1.8960382489461995,-5.13777457,original,[Al][Pd],0.25651
2041.4,2041.4,2041.4,2041.4,0.0,-6.02850968,0.0,1.43,1.43,1107.93,0.0,1.43,0.0,1.43,-5.92513799,-5.92513799,-6.02850968,0.585,1.2339610107756993,-6.02850968,original,[Al][Pt],0.33779
3459.0,3459.0,3459.0,3459.0,0.0,-12.417027765,0.0,1.43,1.43,2525.53,0.0,1.43,0.0,1.43,-12.10177805,-12.10177805,-12.417027765,0.535,1.8840902878964003,-12.417027765,original,[Al][Re],1.9229
2237.0,2237.0,2237.0,2237.0,0.0,-7.25364552,0.0,1.43,1.43,1303.53,0.0,1.43,0.0,1.43,-6.90998391,-6.90998391,-7.25364552,0.605,2.8689147067624,-7.25364552,original,[Al][Rh],0.8024
2607.0,2607.0,2607.0,2607.0,0.0,-9.19463357,0.0,1.43,1.43,1673.53,0.0,1.43,0.0,1.43,-8.57093238,-8.57093238,-9.19463357,0.5800000000000001,3.0265501082098005,-9.19463357,original,[Al][Ru],1.3302
388.36,388.36,388.36,388.36,0.0,-4.09721671875,0.0,1.43,1.43,545.11,0.0,1.43,0.0,1.43,-3.00278915,-3.00278915,-4.09721671875,0.415,10.5721212771613,-4.09721671875,original,[Al][S],-0.15472
903.78,903.78,903.78,903.78,0.0,-4.11736234,0.0,1.43,1.43,29.69000000000005,0.0,1.43,0.0,1.43,-3.88991513,-3.88991513,-4.11736234,0.65,13.596998926279198,-4.11736234,original,[Al][Sb],-0.24038
1814.0,1814.0,1814.0,1814.0,0.0,-6.28551309,0.0,1.43,1.43,880.53,0.0,1.43,0.0,1.43,-6.17209116,-6.17209116,-6.28551309,0.645,8.414886401081699,-6.28551309,original,[Al][Sc],0.30159
494.0,494.0,494.0,494.0,0.0,-3.47079191,0.0,1.43,1.43,439.47,0.0,1.43,0.0,1.43,-2.90074111,-2.90074111,-3.47079191,0.52,10.6143801083177,-3.47079191,original,[Al][Se],-0.44259
1687.0,1687.0,1687.0,1687.0,0.0,-5.424918005,0.0,1.43,1.43,753.53,0.0,1.43,0.0,1.43,-4.90201039,-4.90201039,-5.424918005,0.4,3.421953199102901,-5.424918005,original,[Al][Si],-0.15373
505.08,505.08,505.08,505.08,0.0,-3.96104709,0.0,1.43,1.43,428.39,0.0,1.43,0.0,1.43,-3.89492544,-3.89492544,-3.96104709,0.625,10.3723607445547,-3.96104709,original,[Al][Sn],-0.1955
3290.0,3290.0,3290.0,3290.0,0.0,-11.85139954,0.0,1.43,1.43,2356.53,0.0,1.43,0.0,1.43,-11.85139954,-11.85139954,-11.85139954,0.5900000000000001,1.4523050416739984,-11.85139954,original,[Al][Ta],1.5159
2430.0,2430.0,2430.0,2430.0,0.0,-10.355151195,0.0,1.43,1.43,1496.53,0.0,1.43,0.0,1.43,-10.09176138,-10.09176138,-10.355151195,0.55,2.4434130089832,-10.355151195,original,[Al][Tc],1.7083
722.66,722.66,722.66,722.66,0.0,-3.14130250667,0.0,1.43,1.43,210.8100000000001,0.0,1.43,0.0,1.43,-2.83411842,-2.83411842,-3.14130250667,0.755,17.3622642050373,-3.14130250667,original,[Al][Te],-0.36132
1941.0,1941.0,1941.0,1941.0,0.0,-7.77522712,0.0,1.43,1.43,1007.53,0.0,1.43,0.0,1.43,-7.66126811,-7.66126811,-7.77522712,0.575,1.0418926412962008,-7.77522712,original,[Al][Ti],0.94129
577.0,577.0,577.0,577.0,0.0,-2.27267753,0.0,1.43,1.43,356.47,0.0,1.43,0.0,1.43,-2.25289773,-2.25289773,-2.27267753,1.065,12.0464520433983,-2.27267753,original,[Al][Tl],-0.27676
2183.0,2183.0,2183.0,2183.0,0.0,-8.93926069,0.0,1.43,1.43,1249.53,0.0,1.43,0.0,1.43,-8.93926069,-8.93926069,-8.93926069,0.54,2.7495262965297,-8.93926069,original,[Al][V],1.3412
3695.0,3695.0,3695.0,3695.0,0.0,-12.95880062,0.0,1.43,1.43,2761.53,0.0,1.43,0.0,1.43,-12.95880062,-12.95880062,-12.95880062,0.5700000000000001,0.7356900935147994,-12.95880062,original,[Al][W],1.9362
1799.0,1799.0,1799.0,1799.0,0.0,-6.464599775,0.0,1.43,1.43,865.53,0.0,1.43,0.0,1.43,-6.34029752,-6.34029752,-6.464599775,0.78,16.418788365009704,-6.464599775,original,[Al][Y],-0.14998
692.68,692.68,692.68,692.68,0.0,-1.239999915,0.0,1.43,1.43,240.79000000000008,0.0,1.43,0.0,1.43,-1.1570915,-1.1570915,-1.239999915,0.64,1.3887407827073996,-1.239999915,original,[Al][Zn],-0.08491
2128.0,2128.0,2128.0,2128.0,0.0,-8.545958555,0.0,1.43,1.43,1194.53,0.0,1.43,0.0,1.43,-8.46727487,-8.46727487,-8.545958555,0.69,6.6715187516816,-8.545958555,original,[Al][Zr],0.65613
1337.33,1337.33,1337.33,1337.33,0.0,-3.20969261,0.0,1.442,1.442,0.0,0.0,1.442,0.0,1.442,-3.18445282,-3.18445282,-3.20969261,0.85,0.0,-3.20969261,original,[Au][Au],0.0
1234.93,1234.93,1234.93,1234.93,0.0,-2.76539356,0.0,1.442,1.442,102.39999999999986,0.0,1.442,0.0,1.442,-2.71997917,-2.71997917,-2.76539356,1.0,0.128584333410302,-2.76539356,original,[Au][Ag],0.0348
594.22,594.22,594.22,594.22,0.0,-0.812174225,0.0,1.442,1.442,743.1099999999999,0.0,1.442,0.0,1.442,-0.74033904,-0.74033904,-0.812174225,0.8999999999999999,4.6329618393145005,-0.812174225,original,[Au][Cd],-0.0552
2896.0,2896.0,2896.0,2896.0,0.0,-10.84610777,0.0,1.442,1.442,1558.67,0.0,1.442,0.0,1.442,-10.84610777,-10.84610777,-10.84610777,0.72,1.4461829286781978,-10.84610777,original,[Au][Mo],1.0278
2750.0,2750.0,2750.0,2750.0,0.0,-10.09332153,0.0,1.442,1.442,1412.67,0.0,1.442,0.0,1.442,-10.09332153,-10.09332153,-10.09332153,0.745,1.055069363836303,-10.09332153,original,[Au][Nb],0.978
1828.05,1828.05,1828.05,1828.05,0.0,-5.13777457,0.0,1.442,1.442,490.72,0.0,1.442,0.0,1.442,-5.0910129,-5.0910129,-5.13777457,0.745,2.2486773479167983,-5.13777457,original,[Au][Pd],0.4194
2237.0,2237.0,2237.0,2237.0,0.0,-7.25364552,0.0,1.442,1.442,899.6700000000001,0.0,1.442,0.0,1.442,-6.90998391,-6.90998391,-7.25364552,0.76,3.2215538057329987,-7.25364552,original,[Au][Rh],0.7576
2607.0,2607.0,2607.0,2607.0,0.0,-9.19463357,0.0,1.442,1.442,1269.67,0.0,1.442,0.0,1.442,-8.57093238,-8.57093238,-9.19463357,0.735,3.3791892071803997,-9.19463357,original,[Au][Ru],0.9326
2430.0,2430.0,2430.0,2430.0,0.0,-10.355151195,0.0,1.442,1.442,1092.67,0.0,1.442,0.0,1.442,-10.09176138,-10.09176138,-10.355151195,0.7050000000000001,2.7960521079537983,-10.355151195,original,[Au][Tc],1.0052
1799.0,1799.0,1799.0,1799.0,0.0,-6.464599775,0.0,1.442,1.442,461.6700000000001,0.0,1.442,0.0,1.442,-6.34029752,-6.34029752,-6.464599775,0.935,16.066149266039105,-6.464599775,original,[Au][Y],0.0704
2128.0,2128.0,2128.0,2128.0,0.0,-8.545958555,0.0,1.442,1.442,790.6700000000001,0.0,1.442,0.0,1.442,-8.46727487,-8.46727487,-8.545958555,0.845,6.318879652711001,-8.545958555,original,[Au][Zr],0.6971
1115.0,1115.0,1115.0,1115.0,0.0,-1.948329565,0.0,1.97,1.97,0.0,0.0,1.97,0.0,1.97,-1.92725921,-1.92725921,-1.948329565,1.0,0.0,-1.948329565,original,[Ca][Ca],0.0
1234.93,1234.93,1234.93,1234.93,0.0,-2.76539356,0.0,1.97,1.97,119.93000000000006,0.0,1.97,0.0,1.97,-2.71997917,-2.71997917,-2.76539356,1.075,25.8615393525808,-2.76539356,original,[Ca][Ag],-0.11076
594.22,594.22,594.22,594.22,0.0,-0.812174225,0.0,1.97,1.97,520.78,0.0,1.97,0.0,1.97,-0.74033904,-0.74033904,-0.812174225,0.975,21.3571618466766,-0.812174225,original,[Ca][Cd],-0.03195
2750.0,2750.0,2750.0,2750.0,0.0,-10.09332153,0.0,1.97,1.97,1635.0,0.0,1.97,0.0,1.97,-10.09332153,-10.09332153,-10.09332153,0.8200000000000001,24.9350543221548,-10.09332153,original,[Ca][Nb],0.848
1799.0,1799.0,1799.0,1799.0,0.0,-6.464599775,0.0,1.97,1.97,684.0,0.0,1.97,0.0,1.97,-6.34029752,-6.34029752,-6.464599775,1.01,9.923974419951996,-6.464599775,original,[Ca][Y],0.29815
2128.0,2128.0,2128.0,2128.0,0.0,-8.545958555,0.0,1.97,1.97,1013.0,0.0,1.97,0.0,1.97,-8.46727487,-8.46727487,-8.545958555,0.92,19.6712440332801,-8.545958555,original,[Ca][Zr],0.63619
1357.77,1357.77,1357.77,1357.77,0.0,-3.68065482,0.0,1.278,1.278,0.0,0.0,1.278,0.0,1.278,-3.64288728,-3.64288728,-3.68065482,0.73,0.0,-3.68065482,original,[Cu][Cu],0.0
1234.93,1234.93,1234.93,1234.93,0.0,-2.76539356,0.0,1.278,1.278,122.83999999999992,0.0,1.278,0.0,1.278,-2.71997917,-2.71997917,-2.76539356,0.94,5.245706017990901,-2.76539356,original,[Cu][Ag],-0.1328
933.47,933.47,933.47,933.47,0.0,-3.74542312,0.0,1.278,1.278,424.3,0.0,1.278,0.0,1.278,-3.65018713,-3.65018713,-3.74542312,0.635,4.764482585610001,-3.74542312,original,[Cu][Al],-0.05359
1337.33,1337.33,1337.33,1337.33,0.0,-3.20969261,0.0,1.278,1.278,20.44000000000005,0.0,1.278,0.0,1.278,-3.18445282,-3.18445282,-3.20969261,0.79,5.117121684580599,-3.20969261,original,[Cu][Au],-0.10813
544.4,544.4,544.4,544.4,0.0,-3.9736944,0.0,1.278,1.278,813.37,0.0,1.278,0.0,1.278,-3.89538374,-3.89538374,-3.9736944,0.88,23.653517150306502,-3.9736944,original,[Cu][Bi],-0.44205
594.22,594.22,594.22,594.22,0.0,-0.812174225,0.0,1.278,1.278,763.55,0.0,1.278,0.0,1.278,-0.74033904,-0.74033904,-0.812174225,0.84,9.7500835238951,-0.812174225,original,[Cu][Cd],-0.18004
1768.0,1768.0,1768.0,1768.0,0.0,-7.080389145,0.0,1.278,1.278,410.23,0.0,1.278,0.0,1.278,-6.98008657,-6.98008657,-7.080389145,0.69,0.8340812487866991,-7.080389145,original,[Cu][Co],0.39165
2180.0,2180.0,2180.0,2180.0,0.0,-9.50571654,0.0,1.278,1.278,822.23,0.0,1.278,0.0,1.278,-9.50480758,-9.50480758,-9.50571654,0.675,0.2629955419937015,-9.50571654,original,[Cu][Cr],0.07129
1811.0,1811.0,1811.0,1811.0,0.0,-8.28548436,0.0,1.278,1.278,453.23,0.0,1.278,0.0,1.278,-8.28548436,-8.28548436,-8.28548436,0.64,0.0525769623576,-8.28548436,original,[Cu][Fe],0.39712
302.91,302.91,302.91,302.91,0.0,-3.0122553025,0.0,1.278,1.278,1054.86,0.0,1.278,0.0,1.278,-2.97839076,-2.97839076,-3.0122553025,0.675,7.780571551182501,-3.0122553025,original,[Cu][Ga],-0.1059
1211.4,1211.4,1211.4,1211.4,0.0,-4.616039545,0.0,1.278,1.278,146.3699999999999,0.0,1.278,0.0,1.278,-4.27836489,-4.27836489,-4.616039545,0.63,10.831034450458702,-4.616039545,original,[Cu][Ge],-0.17374
2506.0,2506.0,2506.0,2506.0,0.0,-9.954299335,0.0,1.278,1.278,1148.23,0.0,1.278,0.0,1.278,-9.77464936,-9.77464936,-9.954299335,0.78,10.438769262540902,-9.954299335,original,[Cu][Hf],-0.15578
234.32,234.32,234.32,234.32,0.0,-0.250105562414,0.0,1.278,1.278,1123.45,0.0,1.278,0.0,1.278,-0.15983096,-0.15983096,-0.250105562414,0.875,12.7818001377303,-0.250105562414,original,[Cu][Hg],-0.22938
429.75,429.75,429.75,429.75,0.0,-2.66680196,0.0,1.278,1.278,928.02,0.0,1.278,0.0,1.278,-2.65390512,-2.65390512,-2.66680196,0.765,14.2527162284888,-2.66680196,original,[Cu][In],-0.20489
2739.0,2739.0,2739.0,2739.0,0.0,-8.84851145,0.0,1.278,1.278,1381.23,0.0,1.278,0.0,1.278,-8.22715557,-8.22715557,-8.84851145,0.6799999999999999,2.318608536712801,-8.84851145,original,[Cu][Ir],0.59565
923.0,923.0,923.0,923.0,0.0,-1.54227231,0.0,1.278,1.278,434.77,0.0,1.278,0.0,1.278,-1.51367083,-1.51367083,-1.54227231,0.725,11.3923511637268,-1.54227231,original,[Cu][Mg],-0.09191
1519.0,1519.0,1519.0,1519.0,0.0,-9.02056525034,0.0,1.278,1.278,161.23000000000002,0.0,1.278,0.0,1.278,-8.87041076,-8.87041076,-9.02056525034,0.7,0.3827625336986013,-9.02056525034,original,[Cu][Mn],-0.04548
2896.0,2896.0,2896.0,2896.0,0.0,-10.84610777,0.0,1.278,1.278,1538.23,0.0,1.278,0.0,1.278,-10.84610777,-10.84610777,-10.84610777,0.6599999999999999,3.6709387559024016,-10.84610777,original,[Cu][Mo],0.15031
2750.0,2750.0,2750.0,2750.0,0.0,-10.09332153,0.0,1.278,1.278,1392.23,0.0,1.278,0.0,1.278,-10.09332153,-10.09332153,-10.09332153,0.685,6.172191048416902,-10.09332153,original,[Cu][Nb],-0.08554
1728.0,1728.0,1728.0,1728.0,0.0,-5.54632457,0.0,1.278,1.278,370.23,0.0,1.278,0.0,1.278,-5.43913904,-5.43913904,-5.54632457,0.71,0.8886574901947988,-5.54632457,original,[Cu][Ni],0.27892
3306.0,3306.0,3306.0,3306.0,0.0,-11.22070399,0.0,1.278,1.278,1948.23,0.0,1.278,0.0,1.278,-10.33236566,-10.33236566,-11.22070399,0.6799999999999999,2.153755736190101,-11.22070399,original,[Cu][Os],0.64888
600.61,600.61,600.61,600.61,0.0,-3.62902961,0.0,1.278,1.278,757.16,0.0,1.278,0.0,1.278,-3.58277457,-3.58277457,-3.62902961,0.96,18.5114810808394,-3.62902961,original,[Cu][Pb],-0.38857
1828.05,1828.05,1828.05,1828.05,0.0,-5.13777457,0.0,1.278,1.278,470.28,0.0,1.278,0.0,1.278,-5.0910129,-5.0910129,-5.13777457,0.685,2.868444336663801,-5.13777457,original,[Cu][Pd],0.13165
2041.4,2041.4,2041.4,2041.4,0.0,-6.02850968,0.0,1.278,1.278,683.6300000000001,0.0,1.278,0.0,1.278,-5.92513799,-5.92513799,-6.02850968,0.6799999999999999,3.5305215748343013,-6.02850968,original,[Cu][Pt],0.34588
3459.0,3459.0,3459.0,3459.0,0.0,-12.417027765,0.0,1.278,1.278,2101.23,0.0,1.278,0.0,1.278,-12.10177805,-12.10177805,-12.417027765,0.63,2.8803922977136,-12.417027765,original,[Cu][Re],0.55486
2237.0,2237.0,2237.0,2237.0,0.0,-7.25364552,0.0,1.278,1.278,879.23,0.0,1.278,0.0,1.278,-6.90998391,-6.90998391,-7.25364552,0.7,1.8955678788476007,-7.25364552,original,[Cu][Rh],0.38925
2607.0,2607.0,2607.0,2607.0,0.0,-9.19463357,0.0,1.278,1.278,1249.23,0.0,1.278,0.0,1.278,-8.57093238,-8.57093238,-9.19463357,0.675,1.7379324774002,-9.19463357,original,[Cu][Ru],0.4278
388.36,388.36,388.36,388.36,0.0,-4.09721671875,0.0,1.278,1.278,969.41,0.0,1.278,0.0,1.278,-3.00278915,-3.00278915,-4.09721671875,0.51,15.336603862771302,-4.09721671875,original,[Cu][S],-0.32154
903.78,903.78,903.78,903.78,0.0,-4.11736234,0.0,1.278,1.278,453.99,0.0,1.278,0.0,1.278,-3.88991513,-3.88991513,-4.11736234,0.745,18.3614815118892,-4.11736234,original,[Cu][Sb],-0.29198
1814.0,1814.0,1814.0,1814.0,0.0,-6.28551309,0.0,1.278,1.278,456.23,0.0,1.278,0.0,1.278,-6.17209116,-6.17209116,-6.28551309,0.74,13.1793689866917,-6.28551309,original,[Cu][Sc],-0.18267
1687.0,1687.0,1687.0,1687.0,0.0,-5.424918005,0.0,1.278,1.278,329.23,0.0,1.278,0.0,1.278,-4.90201039,-4.90201039,-5.424918005,0.495,8.186435784712902,-5.424918005,original,[Cu][Si],-0.16598
505.08,505.08,505.08,505.08,0.0,-3.96104709,0.0,1.278,1.278,852.69,0.0,1.278,0.0,1.278,-3.89492544,-3.89492544,-3.96104709,0.72,15.136843330164702,-3.96104709,original,[Cu][Sn],-0.23379
3290.0,3290.0,3290.0,3290.0,0.0,-11.85139954,0.0,1.278,1.278,1932.23,0.0,1.278,0.0,1.278,-11.85139954,-11.85139954,-11.85139954,0.685,6.216787627283999,-11.85139954,original,[Cu][Ta],0.00814
2430.0,2430.0,2430.0,2430.0,0.0,-10.355151195,0.0,1.278,1.278,1072.23,0.0,1.278,0.0,1.278,-10.09176138,-10.09176138,-10.355151195,0.645,2.321069576626801,-10.355151195,original,[Cu][Tc],0.34617
1941.0,1941.0,1941.0,1941.0,0.0,-7.77522712,0.0,1.278,1.278,583.23,0.0,1.278,0.0,1.278,-7.66126811,-7.66126811,-7.77522712,0.6699999999999999,5.8063752269062014,-7.77522712,original,[Cu][Ti],-0.04922
577.0,577.0,577.0,577.0,0.0,-2.27267753,0.0,1.278,1.278,780.77,0.0,1.278,0.0,1.278,-2.25289773,-2.25289773,-2.27267753,1.16,16.8109346290083,-2.27267753,original,[Cu][Tl],-0.31433
2183.0,2183.0,2183.0,2183.0,0.0,-8.93926069,0.0,1.278,1.278,825.23,0.0,1.278,0.0,1.278,-8.93926069,-8.93926069,-8.93926069,0.635,2.0149562890803008,-8.93926069,original,[Cu][V],0.07567
3695.0,3695.0,3695.0,3695.0,0.0,-12.95880062,0.0,1.278,1.278,2337.23,0.0,1.278,0.0,1.278,-12.95880062,-12.95880062,-12.95880062,0.665,4.028792492095201,-12.95880062,original,[Cu][W],0.35754
692.68,692.68,692.68,692.68,0.0,-1.239999915,0.0,1.278,1.278,665.09,0.0,1.278,0.0,1.278,-1.1570915,-1.1570915,-1.239999915,0.735,3.375741802902601,-1.239999915,original,[Cu][Zn],-0.08159
2128.0,2128.0,2128.0,2128.0,0.0,-8.545958555,0.0,1.278,1.278,770.23,0.0,1.278,0.0,1.278,-8.46727487,-8.46727487,-8.545958555,0.7849999999999999,11.4360013372916,-8.545958555,original,[Cu][Zr],-0.21887
1811.0,1811.0,1811.0,1811.0,4.0,-8.28548436,4.0,1.241,1.241,0.0,4.0,1.241,4.0,1.241,-8.28548436,-8.28548436,-8.28548436,0.55,0.0,-8.28548436,original,[Fe][Fe],0.0
933.47,933.47,933.47,933.47,4.0,-3.74542312,4.0,1.241,1.241,877.53,4.0,1.241,4.0,1.241,-3.65018713,-3.65018713,-3.74542312,0.545,4.817059547967601,-3.74542312,original,[Fe][Al],-0.14476
1090.0,1090.0,1090.0,1090.0,4.0,-4.650889115,4.0,1.241,1.241,721.0,4.0,1.241,4.0,1.241,-4.21496399,-4.21496399,-4.650889115,0.565,9.9466007676357,-4.650889115,original,[Fe][As],-0.21379
544.4,544.4,544.4,544.4,4.0,-3.9736944,4.0,1.241,1.241,1266.6,4.0,1.241,4.0,1.241,-3.89538374,-3.89538374,-3.9736944,0.79,23.706094112664104,-3.9736944,original,[Fe][Bi],-0.36814
1768.0,1768.0,1768.0,1768.0,4.0,-7.080389145,4.0,1.241,1.241,43.0,4.0,1.241,4.0,1.241,-6.98008657,-6.98008657,-7.080389145,0.6000000000000001,0.7815042864290991,-7.080389145,original,[Fe][Co],0.04355
2180.0,2180.0,2180.0,2180.0,4.0,-9.50571654,4.0,1.241,1.241,369.0,4.0,1.241,4.0,1.241,-9.50480758,-9.50480758,-9.50571654,0.585,0.3155725043513016,-9.50571654,original,[Fe][Cr],-0.09334
302.91,302.91,302.91,302.91,4.0,-3.0122553025,4.0,1.241,1.241,1508.09,4.0,1.241,4.0,1.241,-2.97839076,-2.97839076,-3.0122553025,0.585,7.833148513540101,-3.0122553025,original,[Fe][Ga],-0.15887
1211.4,1211.4,1211.4,1211.4,4.0,-4.616039545,4.0,1.241,1.241,599.5999999999999,4.0,1.241,4.0,1.241,-4.27836489,-4.27836489,-4.616039545,0.54,10.883611412816302,-4.616039545,original,[Fe][Ge],-0.17353
2739.0,2739.0,2739.0,2739.0,4.0,-8.84851145,4.0,1.241,1.241,928.0,4.0,1.241,4.0,1.241,-8.22715557,-8.22715557,-8.84851145,0.5900000000000001,2.371185499070401,-8.84851145,original,[Fe][Ir],0.10354
2896.0,2896.0,2896.0,2896.0,4.0,-10.84610777,4.0,1.241,1.241,1085.0,4.0,1.241,4.0,1.241,-10.84610777,-10.84610777,-10.84610777,0.5700000000000001,3.7235157182600016,-10.84610777,original,[Fe][Mo],-0.13695
2750.0,2750.0,2750.0,2750.0,4.0,-10.09332153,4.0,1.241,1.241,939.0,4.0,1.241,4.0,1.241,-10.09332153,-10.09332153,-10.09332153,0.595,6.224768010774502,-10.09332153,original,[Fe][Nb],-0.1805
1728.0,1728.0,1728.0,1728.0,4.0,-5.54632457,4.0,1.241,1.241,83.0,4.0,1.241,4.0,1.241,-5.43913904,-5.43913904,-5.54632457,0.62,0.8360805278371988,-5.54632457,original,[Fe][Ni],-0.0796
317.3,317.3,317.3,317.3,4.0,-5.4005090425,4.0,1.241,1.241,1493.7,4.0,1.241,4.0,1.241,-4.6830362,-4.6830362,-5.4005090425,0.36,16.4367568470989,-5.4005090425,original,[Fe][P],-0.31504
600.61,600.61,600.61,600.61,4.0,-3.62902961,4.0,1.241,1.241,1210.39,4.0,1.241,4.0,1.241,-3.58277457,-3.58277457,-3.62902961,0.87,18.564058043197,-3.62902961,original,[Fe][Pb],-0.37821
2237.0,2237.0,2237.0,2237.0,4.0,-7.25364552,4.0,1.241,1.241,426.0,4.0,1.241,4.0,1.241,-6.90998391,-6.90998391,-7.25364552,0.6100000000000001,1.9481448412052007,-7.25364552,original,[Fe][Rh],-0.03641
2607.0,2607.0,2607.0,2607.0,4.0,-9.19463357,4.0,1.241,1.241,796.0,4.0,1.241,4.0,1.241,-8.57093238,-8.57093238,-9.19463357,0.585,1.7905094397578,-9.19463357,original,[Fe][Ru],-0.0213
903.78,903.78,903.78,903.78,4.0,-4.11736234,4.0,1.241,1.241,907.22,4.0,1.241,4.0,1.241,-3.88991513,-3.88991513,-4.11736234,0.655,18.4140584742468,-4.11736234,original,[Fe][Sb],-0.24996
1687.0,1687.0,1687.0,1687.0,4.0,-5.424918005,4.0,1.241,1.241,124.0,4.0,1.241,4.0,1.241,-4.90201039,-4.90201039,-5.424918005,0.405,8.239012747070502,-5.424918005,original,[Fe][Si],-0.20244
505.08,505.08,505.08,505.08,4.0,-3.96104709,4.0,1.241,1.241,1305.92,4.0,1.241,4.0,1.241,-3.89492544,-3.89492544,-3.96104709,0.63,15.189420292522302,-3.96104709,original,[Fe][Sn],-0.29323
2430.0,2430.0,2430.0,2430.0,4.0,-10.355151195,4.0,1.241,1.241,619.0,4.0,1.241,4.0,1.241,-10.09176138,-10.09176138,-10.355151195,0.555,2.373646538984401,-10.355151195,original,[Fe][Tc],-0.08915
1941.0,1941.0,1941.0,1941.0,4.0,-7.77522712,4.0,1.241,1.241,130.0,4.0,1.241,4.0,1.241,-7.66126811,-7.66126811,-7.77522712,0.5800000000000001,5.8589521892638015,-7.77522712,original,[Fe][Ti],-0.13961
2183.0,2183.0,2183.0,2183.0,4.0,-8.93926069,4.0,1.241,1.241,372.0,4.0,1.241,4.0,1.241,-8.93926069,-8.93926069,-8.93926069,0.545,2.067533251437901,-8.93926069,original,[Fe][V],-0.08294
3695.0,3695.0,3695.0,3695.0,4.0,-12.95880062,4.0,1.241,1.241,1884.0,4.0,1.241,4.0,1.241,-12.95880062,-12.95880062,-12.95880062,0.575,4.081369454452801,-12.95880062,original,[Fe][W],-0.09672
692.68,692.68,692.68,692.68,4.0,-1.239999915,4.0,1.241,1.241,1118.3200000000002,4.0,1.241,4.0,1.241,-1.1570915,-1.1570915,-1.239999915,0.645,3.428318765260201,-1.239999915,original,[Fe][Zn],-0.15948
1357.77,1357.77,1357.77,1357.77,4.0,-3.68065482,4.0,1.241,1.241,453.23,4.0,1.241,4.0,1.241,-3.64288728,-3.64288728,-3.68065482,0.64,0.0525769623576,-3.68065482,original,[Fe][Cu],-0.19798
1519.0,1519.0,1519.0,1519.0,4.0,-9.02056525034,4.0,1.241,1.241,292.0,4.0,1.241,4.0,1.241,-8.87041076,-8.87041076,-9.02056525034,0.6100000000000001,0.4353394960562013,-9.02056525034,original,[Fe][Mn],-0.16716
1234.93,1234.93,1234.93,1234.93,4.0,-2.76539356,4.0,1.241,1.241,576.0699999999999,4.0,1.241,4.0,1.241,-2.71997917,-2.71997917,-2.76539356,0.85,5.298282980348501,-2.76539356,original,[Fe][Ag],-0.27612
1337.33,1337.33,1337.33,1337.33,4.0,-3.20969261,4.0,1.241,1.241,473.6700000000001,4.0,1.241,4.0,1.241,-3.18445282,-3.18445282,-3.20969261,0.7,5.169698646938199,-3.20969261,original,[Fe][Au],-0.25088
594.22,594.22,594.22,594.22,4.0,-0.812174225,4.0,1.241,1.241,1216.78,4.0,1.241,4.0,1.241,-0.74033904,-0.74033904,-0.812174225,0.75,9.8026604862527,-0.812174225,original,[Fe][Cd],-0.32909
2506.0,2506.0,2506.0,2506.0,4.0,-9.954299335,4.0,1.241,1.241,695.0,4.0,1.241,4.0,1.241,-9.77464936,-9.77464936,-9.954299335,0.69,10.491346224898502,-9.954299335,original,[Fe][Hf],-0.27526
234.32,234.32,234.32,234.32,4.0,-0.250105562414,4.0,1.241,1.241,1576.68,4.0,1.241,4.0,1.241,-0.15983096,-0.15983096,-0.250105562414,0.785,12.8343771000879,-0.250105562414,original,[Fe][Hg],-0.34562
429.75,429.75,429.75,429.75,4.0,-2.66680196,4.0,1.241,1.241,1381.25,4.0,1.241,4.0,1.241,-2.65390512,-2.65390512,-2.66680196,0.675,14.3052931908464,-2.66680196,original,[Fe][In],-0.32382
3306.0,3306.0,3306.0,3306.0,4.0,-11.22070399,4.0,1.241,1.241,1495.0,4.0,1.241,4.0,1.241,-10.33236566,-10.33236566,-11.22070399,0.5900000000000001,2.206332698547701,-11.22070399,original,[Fe][Os],0.12598
1828.05,1828.05,1828.05,1828.05,4.0,-5.13777457,4.0,1.241,1.241,17.049999999999955,4.0,1.241,4.0,1.241,-5.0910129,-5.0910129,-5.13777457,0.595,2.921021299021401,-5.13777457,original,[Fe][Pd],-0.14447
2041.4,2041.4,2041.4,2041.4,4.0,-6.02850968,4.0,1.241,1.241,230.4000000000001,4.0,1.241,4.0,1.241,-5.92513799,-5.92513799,-6.02850968,0.5900000000000001,3.5830985371919013,-6.02850968,original,[Fe][Pt],-0.00302
1814.0,1814.0,1814.0,1814.0,4.0,-6.28551309,4.0,1.241,1.241,3.0,4.0,1.241,4.0,1.241,-6.17209116,-6.17209116,-6.28551309,0.65,13.2319459490493,-6.28551309,original,[Fe][Sc],-0.28547
3290.0,3290.0,3290.0,3290.0,4.0,-11.85139954,4.0,1.241,1.241,1479.0,4.0,1.241,4.0,1.241,-11.85139954,-11.85139954,-11.85139954,0.595,6.269364589641599,-11.85139954,original,[Fe][Ta],-0.19922
577.0,577.0,577.0,577.0,4.0,-2.27267753,4.0,1.241,1.241,1234.0,4.0,1.241,4.0,1.241,-2.25289773,-2.25289773,-2.27267753,1.07,16.8635115913659,-2.27267753,original,[Fe][Tl],-0.37171
2128.0,2128.0,2128.0,2128.0,4.0,-8.545958555,4.0,1.241,1.241,317.0,4.0,1.241,4.0,1.241,-8.46727487,-8.46727487,-8.545958555,0.6950000000000001,11.4885782996492,-8.545958555,original,[Fe][Zr],-0.30511
3459.0,3459.0,3459.0,3459.0,4.0,-12.417027765,4.0,1.241,1.241,1648.0,4.0,1.241,4.0,1.241,-12.10177805,-12.10177805,-12.417027765,0.54,2.9329692600712,-12.417027765,original,[Fe][Re],0.06777
2739.0,2739.0,2739.0,2739.0,3.0,-8.84851145,3.0,1.357,1.357,0.0,3.0,1.357,3.0,1.357,-8.22715557,-8.22715557,-8.84851145,0.63,0.0,-8.84851145,original,[Ir][Ir],0.0
1234.93,1234.93,1234.93,1234.93,3.0,-2.76539356,3.0,1.357,1.357,1504.07,3.0,1.357,3.0,1.357,-2.71997917,-2.71997917,-2.76539356,0.8899999999999999,2.9270974812781,-2.76539356,original,[Ir][Ag],-0.0978
594.22,594.22,594.22,594.22,3.0,-0.812174225,3.0,1.357,1.357,2144.78,3.0,1.357,3.0,1.357,-0.74033904,-0.74033904,-0.812174225,0.79,7.431474987182298,-0.812174225,original,[Ir][Cd],-0.12577
2896.0,2896.0,2896.0,2896.0,3.0,-10.84610777,3.0,1.357,1.357,157.0,3.0,1.357,3.0,1.357,-10.84610777,-10.84610777,-10.84610777,0.61,1.3523302191896,-10.84610777,original,[Ir][Mo],0.38848
2750.0,2750.0,2750.0,2750.0,3.0,-10.09332153,3.0,1.357,1.357,11.0,3.0,1.357,3.0,1.357,-10.09332153,-10.09332153,-10.09332153,0.635,3.8535825117041007,-10.09332153,original,[Ir][Nb],0.16369
1828.05,1828.05,1828.05,1828.05,3.0,-5.13777457,3.0,1.357,1.357,910.95,3.0,1.357,3.0,1.357,-5.0910129,-5.0910129,-5.13777457,0.635,0.5498357999509995,-5.13777457,original,[Ir][Pd],-0.0767
2237.0,2237.0,2237.0,2237.0,3.0,-7.25364552,3.0,1.357,1.357,502.0,3.0,1.357,3.0,1.357,-6.90998391,-6.90998391,-7.25364552,0.65,0.4230406578652008,-7.25364552,original,[Ir][Rh],-0.07101
2607.0,2607.0,2607.0,2607.0,3.0,-9.19463357,3.0,1.357,1.357,132.0,3.0,1.357,3.0,1.357,-8.57093238,-8.57093238,-9.19463357,0.625,0.5806760593126015,-9.19463357,original,[Ir][Ru],0.194
2430.0,2430.0,2430.0,2430.0,3.0,-10.355151195,3.0,1.357,1.357,309.0,3.0,1.357,3.0,1.357,-10.09176138,-10.09176138,-10.355151195,0.595,0.0024610399139994,-10.355151195,original,[Ir][Tc],0.51986
1799.0,1799.0,1799.0,1799.0,3.0,-6.464599775,3.0,1.357,1.357,940.0,3.0,1.357,3.0,1.357,-6.34029752,-6.34029752,-6.464599775,0.825,18.864662413906903,-6.464599775,original,[Ir][Y],-0.24058
2128.0,2128.0,2128.0,2128.0,3.0,-8.545958555,3.0,1.357,1.357,611.0,3.0,1.357,3.0,1.357,-8.46727487,-8.46727487,-8.545958555,0.735,9.1173928005788,-8.545958555,original,[Ir][Zr],0.02097
923.0,923.0,923.0,923.0,0.0,-1.54227231,0.0,1.6,1.6,0.0,0.0,1.6,0.0,1.6,-1.51367083,-1.51367083,-1.54227231,0.72,0.0,-1.54227231,original,[Mg][Mg],0.0
1234.93,1234.93,1234.93,1234.93,0.0,-2.76539356,0.0,1.6,1.6,311.93000000000006,0.0,1.6,0.0,1.6,-2.71997917,-2.71997917,-2.76539356,0.935,6.146645145735899,-2.76539356,original,[Mg][Ag],0.05403
933.47,933.47,933.47,933.47,0.0,-3.74542312,0.0,1.6,1.6,10.470000000000027,0.0,1.6,0.0,1.6,-3.65018713,-3.65018713,-3.74542312,0.63,6.6278685781168,-3.74542312,original,[Mg][Al],0.06506
1337.33,1337.33,1337.33,1337.33,0.0,-3.20969261,0.0,1.6,1.6,414.3299999999999,0.0,1.6,0.0,1.6,-3.18445282,-3.18445282,-3.20969261,0.7849999999999999,6.275229479146201,-3.20969261,original,[Mg][Au],0.12695
1560.0,1560.0,1560.0,1560.0,0.0,-3.755038695,0.0,1.6,1.6,637.0,0.0,1.6,0.0,1.6,-3.65527191,-3.65527191,-3.755038695,0.585,15.12411664017691,-3.755038695,original,[Mg][Be],-0.02165
544.4,544.4,544.4,544.4,0.0,-3.9736944,0.0,1.6,1.6,378.6,0.0,1.6,0.0,1.6,-3.89538374,-3.89538374,-3.9736944,0.875,12.261165986579702,-3.9736944,original,[Mg][Bi],-0.16849
1115.0,1115.0,1115.0,1115.0,0.0,-1.948329565,0.0,1.6,1.6,192.0,0.0,1.6,0.0,1.6,-1.92725921,-1.92725921,-1.948329565,0.86,19.7148942068449,-1.948329565,original,[Mg][Ca],-0.18541
594.22,594.22,594.22,594.22,0.0,-0.812174225,0.0,1.6,1.6,328.78,0.0,1.6,0.0,1.6,-0.74033904,-0.74033904,-0.812174225,0.835,1.6422676398317009,-0.812174225,original,[Mg][Cd],-0.09292
1071.0,1071.0,1071.0,1071.0,0.0,-4.77656965,0.0,1.6,1.6,148.0,0.0,1.6,0.0,1.6,-4.65518148,-4.65518148,-4.77656965,0.93,11.5622083827072,-4.77656965,original,[Mg][Ce],-0.2
1768.0,1768.0,1768.0,1768.0,0.0,-7.080389145,0.0,1.6,1.6,845.0,0.0,1.6,0.0,1.6,-6.98008657,-6.98008657,-7.080389145,0.685,12.2264324125135,-7.080389145,original,[Mg][Co],0.57203
2180.0,2180.0,2180.0,2180.0,0.0,-9.50571654,0.0,1.6,1.6,1257.0,0.0,1.6,0.0,1.6,-9.50480758,-9.50480758,-9.50571654,0.6699999999999999,11.1293556217331,-9.50571654,original,[Mg][Cr],0.34033
1357.77,1357.77,1357.77,1357.77,0.0,-3.68065482,0.0,1.6,1.6,434.77,0.0,1.6,0.0,1.6,-3.64288728,-3.64288728,-3.68065482,0.725,11.3923511637268,-3.68065482,original,[Mg][Cu],0.07701
1811.0,1811.0,1811.0,1811.0,0.0,-8.28548436,0.0,1.6,1.6,888.0,0.0,1.6,0.0,1.6,-8.28548436,-8.28548436,-8.28548436,0.635,11.4449281260844,-8.28548436,original,[Mg][Fe],0.47406
302.91,302.91,302.91,302.91,0.0,-3.0122553025,0.0,1.6,1.6,620.0899999999999,0.0,1.6,0.0,1.6,-2.97839076,-2.97839076,-3.0122553025,0.6699999999999999,3.6117796125443,-3.0122553025,original,[Mg][Ga],-0.05779
1586.0,1586.0,1586.0,1586.0,0.0,-4.65442131,0.0,1.6,1.6,663.0,0.0,1.6,0.0,1.6,-4.51068704,-4.51068704,-4.65442131,0.885,9.8274312181801,-4.65442131,original,[Mg][Gd],-0.09429
2506.0,2506.0,2506.0,2506.0,0.0,-9.954299335,0.0,1.6,1.6,1583.0,0.0,1.6,0.0,1.6,-9.77464936,-9.77464936,-9.954299335,0.7749999999999999,0.953581901185899,-9.954299335,original,[Mg][Hf],0.63542
234.32,234.32,234.32,234.32,0.0,-0.250105562414,0.0,1.6,1.6,688.6800000000001,0.0,1.6,0.0,1.6,-0.15983096,-0.15983096,-0.250105562414,0.87,1.3894489740035,-0.250105562414,original,[Mg][Hg],-0.15246
429.75,429.75,429.75,429.75,0.0,-2.66680196,0.0,1.6,1.6,493.25,0.0,1.6,0.0,1.6,-2.65390512,-2.65390512,-2.66680196,0.76,2.860365064762,-2.66680196,original,[Mg][In],-0.09044
2739.0,2739.0,2739.0,2739.0,0.0,-8.84851145,0.0,1.6,1.6,1816.0,0.0,1.6,0.0,1.6,-8.22715557,-8.22715557,-8.84851145,0.675,9.073742627014,-8.84851145,original,[Mg][Ir],0.86103
336.53,336.53,336.53,336.53,0.0,-1.09753971333,0.0,1.6,1.6,586.47,0.0,1.6,0.0,1.6,-1.096516,-1.096516,-1.09753971333,1.115,52.625571587451205,-1.09753971333,original,[Mg][K],-0.32939
1193.0,1193.0,1193.0,1193.0,0.0,-4.927546185,0.0,1.6,1.6,270.0,0.0,1.6,0.0,1.6,-4.79586452,-4.79586452,-4.927546185,0.94,14.308353023176398,-4.927546185,original,[Mg][La],-0.22764
453.69,453.69,453.69,453.69,0.0,-1.86988691,0.0,1.6,1.6,469.31,0.0,1.6,0.0,1.6,-1.86553478,-1.86553478,-1.86988691,0.74,1.678235015751401,-1.86988691,original,[Mg][Li],-0.07403
1519.0,1519.0,1519.0,1519.0,0.0,-9.02056525034,0.0,1.6,1.6,596.0,0.0,1.6,0.0,1.6,-8.87041076,-8.87041076,-9.02056525034,0.6950000000000001,11.0095886300282,-9.02056525034,original,[Mg][Mn],0.2894
2896.0,2896.0,2896.0,2896.0,0.0,-10.84610777,0.0,1.6,1.6,1973.0,0.0,1.6,0.0,1.6,-10.84610777,-10.84610777,-10.84610777,0.655,7.721412407824399,-10.84610777,original,[Mg][Mo],1.26838
370.87,370.87,370.87,370.87,0.0,-1.26024138333,0.0,1.6,1.6,552.13,0.0,1.6,0.0,1.6,-1.2544847,-1.2544847,-1.26024138333,0.87,16.216035786625998,-1.26024138333,original,[Mg][Na],-0.14435
2750.0,2750.0,2750.0,2750.0,0.0,-10.09332153,0.0,1.6,1.6,1827.0,0.0,1.6,0.0,1.6,-10.09332153,-10.09332153,-10.09332153,0.6799999999999999,5.220160115309898,-10.09332153,original,[Mg][Nb],1.04635
1294.0,1294.0,1294.0,1294.0,0.0,-4.76235134,0.0,1.6,1.6,371.0,0.0,1.6,0.0,1.6,-4.6307523,-4.6307523,-4.76235134,1.005,10.946761786827595,-4.76235134,original,[Mg][Nd],-0.16883
1728.0,1728.0,1728.0,1728.0,0.0,-5.54632457,0.0,1.6,1.6,805.0,0.0,1.6,0.0,1.6,-5.43913904,-5.43913904,-5.54632457,0.705,12.2810086539216,-5.54632457,original,[Mg][Ni],0.36627
3306.0,3306.0,3306.0,3306.0,0.0,-11.22070399,0.0,1.6,1.6,2383.0,0.0,1.6,0.0,1.6,-10.33236566,-10.33236566,-11.22070399,0.675,9.2385954275367,-11.22070399,original,[Mg][Os],1.15292
1828.05,1828.05,1828.05,1828.05,0.0,-5.13777457,0.0,1.6,1.6,905.05,0.0,1.6,0.0,1.6,-5.0910129,-5.0910129,-5.13777457,0.6799999999999999,8.523906827063,-5.13777457,original,[Mg][Pd],0.36233
1204.0,1204.0,1204.0,1204.0,0.0,-4.77382996,0.0,1.6,1.6,281.0,0.0,1.6,0.0,1.6,-4.64853984,-4.64853984,-4.77382996,0.925,12.0168826375284,-4.77382996,original,[Mg][Pr],-0.18752
2041.4,2041.4,2041.4,2041.4,0.0,-6.02850968,0.0,1.6,1.6,1118.4,0.0,1.6,0.0,1.6,-5.92513799,-5.92513799,-6.02850968,0.675,7.861829588892499,-6.02850968,original,[Mg][Pt],0.4658
3459.0,3459.0,3459.0,3459.0,0.0,-12.417027765,0.0,1.6,1.6,2536.0,0.0,1.6,0.0,1.6,-12.10177805,-12.10177805,-12.417027765,0.625,8.5119588660132,-12.417027765,original,[Mg][Re],1.38375
2237.0,2237.0,2237.0,2237.0,0.0,-7.25364552,0.0,1.6,1.6,1314.0,0.0,1.6,0.0,1.6,-6.90998391,-6.90998391,-7.25364552,0.6950000000000001,9.4967832848792,-7.25364552,original,[Mg][Rh],0.7209
2607.0,2607.0,2607.0,2607.0,0.0,-9.19463357,0.0,1.6,1.6,1684.0,0.0,1.6,0.0,1.6,-8.57093238,-8.57093238,-9.19463357,0.6699999999999999,9.6544186863266,-9.19463357,original,[Mg][Ru],1.03511
903.78,903.78,903.78,903.78,0.0,-4.11736234,0.0,1.6,1.6,19.220000000000027,0.0,1.6,0.0,1.6,-3.88991513,-3.88991513,-4.11736234,0.74,6.969130348162398,-4.11736234,original,[Mg][Sb],-0.13667
1814.0,1814.0,1814.0,1814.0,0.0,-6.28551309,0.0,1.6,1.6,891.0,0.0,1.6,0.0,1.6,-6.17209116,-6.17209116,-6.28551309,0.735,1.7870178229648983,-6.28551309,original,[Mg][Sc],0.2063
494.0,494.0,494.0,494.0,0.0,-3.47079191,0.0,1.6,1.6,429.0,0.0,1.6,0.0,1.6,-2.90074111,-2.90074111,-3.47079191,0.61,3.9865115302009,-3.47079191,original,[Mg][Se],-0.30687
1687.0,1687.0,1687.0,1687.0,0.0,-5.424918005,0.0,1.6,1.6,764.0,0.0,1.6,0.0,1.6,-4.90201039,-4.90201039,-5.424918005,0.49,3.2059153790138986,-5.424918005,original,[Mg][Si],0.02822
505.08,505.08,505.08,505.08,0.0,-3.96104709,0.0,1.6,1.6,417.92,0.0,1.6,0.0,1.6,-3.89492544,-3.89492544,-3.96104709,0.715,3.744492166437901,-3.96104709,original,[Mg][Sn],-0.0433
1050.0,1050.0,1050.0,1050.0,0.0,-1.6828136,0.0,1.6,1.6,127.0,0.0,1.6,0.0,1.6,-1.67793991,-1.67793991,-1.6828136,0.99,32.10083768087971,-1.6828136,original,[Mg][Sr],-0.32382
3290.0,3290.0,3290.0,3290.0,0.0,-11.85139954,0.0,1.6,1.6,2367.0,0.0,1.6,0.0,1.6,-11.85139954,-11.85139954,-11.85139954,0.6799999999999999,5.175563536442802,-11.85139954,original,[Mg][Ta],1.13128
2430.0,2430.0,2430.0,2430.0,0.0,-10.355151195,0.0,1.6,1.6,1507.0,0.0,1.6,0.0,1.6,-10.09176138,-10.09176138,-10.355151195,0.64,9.0712815871,-10.355151195,original,[Mg][Tc],1.24556
2023.0,2023.0,2023.0,2023.0,0.0,-7.41254306,0.0,1.6,1.6,1100.0,0.0,1.6,0.0,1.6,-7.26654681,-7.26654681,-7.41254306,0.885,9.643390119143302,-7.41254306,original,[Mg][Th],-0.1397
1941.0,1941.0,1941.0,1941.0,0.0,-7.77522712,0.0,1.6,1.6,1018.0,0.0,1.6,0.0,1.6,-7.66126811,-7.66126811,-7.77522712,0.665,5.585975936820599,-7.77522712,original,[Mg][Ti],0.61614
2183.0,2183.0,2183.0,2183.0,0.0,-8.93926069,0.0,1.6,1.6,1260.0,0.0,1.6,0.0,1.6,-8.93926069,-8.93926069,-8.93926069,0.63,9.3773948746465,-8.93926069,original,[Mg][V],0.85139
3695.0,3695.0,3695.0,3695.0,0.0,-12.95880062,0.0,1.6,1.6,2772.0,0.0,1.6,0.0,1.6,-12.95880062,-12.95880062,-12.95880062,0.6599999999999999,7.363558671631599,-12.95880062,original,[Mg][W],1.42392
1799.0,1799.0,1799.0,1799.0,0.0,-6.464599775,0.0,1.6,1.6,876.0,0.0,1.6,0.0,1.6,-6.34029752,-6.34029752,-6.464599775,0.87,9.790919786892903,-6.464599775,original,[Mg][Y],-0.0565
692.68,692.68,692.68,692.68,0.0,-1.239999915,0.0,1.6,1.6,230.32000000000005,0.0,1.6,0.0,1.6,-1.1570915,-1.1570915,-1.239999915,0.73,8.0166093608242,-1.239999915,original,[Mg][Zn],-0.10139
2128.0,2128.0,2128.0,2128.0,0.0,-8.545958555,0.0,1.6,1.6,1205.0,0.0,1.6,0.0,1.6,-8.46727487,-8.46727487,-8.545958555,0.78,0.0436501735647993,-8.545958555,original,[Mg][Zr],0.58031
2896.0,2896.0,2896.0,2896.0,5.0,-10.84610777,5.0,1.362,1.362,0.0,5.0,1.362,5.0,1.362,-10.84610777,-10.84610777,-10.84610777,0.59,0.0,-10.84610777,original,[Mo][Mo],0.0
1234.93,1234.93,1234.93,1234.93,5.0,-2.76539356,5.0,1.362,1.362,1661.07,5.0,1.362,5.0,1.362,-2.71997917,-2.71997917,-2.76539356,0.8699999999999999,1.5747672620884998,-2.76539356,original,[Mo][Ag],-0.3389
544.4,544.4,544.4,544.4,5.0,-3.9736944,5.0,1.362,1.362,2351.6,5.0,1.362,5.0,1.362,-3.89538374,-3.89538374,-3.9736944,0.81,19.9825783944041,-3.9736944,original,[Mo][Bi],-0.25015
594.22,594.22,594.22,594.22,5.0,-0.812174225,5.0,1.362,1.362,2301.78,5.0,1.362,5.0,1.362,-0.74033904,-0.74033904,-0.812174225,0.77,6.079144767992698,-0.812174225,original,[Mo][Cd],-0.29796
1768.0,1768.0,1768.0,1768.0,5.0,-7.080389145,5.0,1.362,1.362,1128.0,5.0,1.362,5.0,1.362,-6.98008657,-6.98008657,-7.080389145,0.62,4.505020004689101,-7.080389145,original,[Mo][Co],-0.43262
2180.0,2180.0,2180.0,2180.0,5.0,-9.50571654,5.0,1.362,1.362,716.0,5.0,1.362,5.0,1.362,-9.50480758,-9.50480758,-9.50571654,0.605,3.4079432139087,-9.50571654,original,[Mo][Cr],0.03971
1357.77,1357.77,1357.77,1357.77,5.0,-3.68065482,5.0,1.362,1.362,1538.23,5.0,1.362,5.0,1.362,-3.64288728,-3.64288728,-3.68065482,0.6599999999999999,3.6709387559024016,-3.68065482,original,[Mo][Cu],-0.16294
1811.0,1811.0,1811.0,1811.0,5.0,-8.28548436,5.0,1.362,1.362,1085.0,5.0,1.362,5.0,1.362,-8.28548436,-8.28548436,-8.28548436,0.5700000000000001,3.7235157182600016,-8.28548436,original,[Mo][Fe],-0.41841
302.91,302.91,302.91,302.91,5.0,-3.0122553025,5.0,1.362,1.362,2593.09,5.0,1.362,5.0,1.362,-2.97839076,-2.97839076,-3.0122553025,0.605,4.109632795280099,-3.0122553025,original,[Mo][Ga],-0.06432
429.75,429.75,429.75,429.75,5.0,-2.66680196,5.0,1.362,1.362,2466.25,5.0,1.362,5.0,1.362,-2.65390512,-2.65390512,-2.66680196,0.6950000000000001,10.5817774725864,-2.66680196,original,[Mo][In],-0.18684
923.0,923.0,923.0,923.0,5.0,-1.54227231,5.0,1.362,1.362,1973.0,5.0,1.362,5.0,1.362,-1.51367083,-1.51367083,-1.54227231,0.655,7.721412407824399,-1.54227231,original,[Mo][Mg],-0.07214
1519.0,1519.0,1519.0,1519.0,5.0,-9.02056525034,5.0,1.362,1.362,1377.0,5.0,1.362,5.0,1.362,-8.87041076,-8.87041076,-9.02056525034,0.63,3.2881762222038,-9.02056525034,original,[Mo][Mn],-0.21671
1728.0,1728.0,1728.0,1728.0,5.0,-5.54632457,5.0,1.362,1.362,1168.0,5.0,1.362,5.0,1.362,-5.43913904,-5.43913904,-5.54632457,0.6399999999999999,4.5595962460972,-5.54632457,original,[Mo][Ni],-0.3256
1828.05,1828.05,1828.05,1828.05,5.0,-5.13777457,5.0,1.362,1.362,1067.95,5.0,1.362,5.0,1.362,-5.0910129,-5.0910129,-5.13777457,0.615,0.8024944192386005,-5.13777457,original,[Mo][Pd],-0.38321
2430.0,2430.0,2430.0,2430.0,5.0,-10.355151195,5.0,1.362,1.362,466.0,5.0,1.362,5.0,1.362,-10.09176138,-10.09176138,-10.355151195,0.575,1.3498691792756006,-10.355151195,original,[Mo][Tc],-0.16792
3695.0,3695.0,3695.0,3695.0,5.0,-12.95880062,5.0,1.362,1.362,799.0,5.0,1.362,5.0,1.362,-12.95880062,-12.95880062,-12.95880062,0.595,0.3578537361927996,-12.95880062,original,[Mo][W],0.22933
1799.0,1799.0,1799.0,1799.0,5.0,-6.464599775,5.0,1.362,1.362,1097.0,5.0,1.362,5.0,1.362,-6.34029752,-6.34029752,-6.464599775,0.8049999999999999,17.512332194717303,-6.464599775,original,[Mo][Y],-0.17599
692.68,692.68,692.68,692.68,5.0,-1.239999915,5.0,1.362,1.362,2203.32,5.0,1.362,5.0,1.362,-1.1570915,-1.1570915,-1.239999915,0.665,0.2951969529998006,-1.239999915,original,[Mo][Zn],-0.07497
1090.0,1090.0,1090.0,1090.0,5.0,-4.650889115,5.0,1.362,1.362,1806.0,5.0,1.362,5.0,1.362,-4.21496399,-4.21496399,-4.650889115,0.585,6.2230850493756975,-4.650889115,original,[Mo][As],-0.17707
1211.4,1211.4,1211.4,1211.4,5.0,-4.616039545,5.0,1.362,1.362,1684.6,5.0,1.362,5.0,1.362,-4.27836489,-4.27836489,-4.616039545,0.56,7.160095694556301,-4.616039545,original,[Mo][Ge],-0.03033
3306.0,3306.0,3306.0,3306.0,5.0,-11.22070399,5.0,1.362,1.362,410.0,5.0,1.362,5.0,1.362,-10.33236566,-10.33236566,-11.22070399,0.61,1.5171830197123004,-11.22070399,original,[Mo][Os],-0.27856
317.3,317.3,317.3,317.3,5.0,-5.4005090425,5.0,1.362,1.362,2578.7,5.0,1.362,5.0,1.362,-4.6830362,-4.6830362,-5.4005090425,0.38,12.7132411288389,-5.4005090425,original,[Mo][P],-0.25526
600.61,600.61,600.61,600.61,5.0,-3.62902961,5.0,1.362,1.362,2295.39,5.0,1.362,5.0,1.362,-3.58277457,-3.58277457,-3.62902961,0.8899999999999999,14.840542324936996,-3.62902961,original,[Mo][Pb],-0.27243
2041.4,2041.4,2041.4,2041.4,5.0,-6.02850968,5.0,1.362,1.362,854.5999999999999,5.0,1.362,5.0,1.362,-5.92513799,-5.92513799,-6.02850968,0.61,0.1404171810681003,-6.02850968,original,[Mo][Pt],-0.52073
2607.0,2607.0,2607.0,2607.0,5.0,-9.19463357,5.0,1.362,1.362,289.0,5.0,1.362,5.0,1.362,-8.57093238,-8.57093238,-9.19463357,0.605,1.9330062785022013,-9.19463357,original,[Mo][Ru],-0.41775
903.78,903.78,903.78,903.78,5.0,-4.11736234,5.0,1.362,1.362,1992.22,5.0,1.362,5.0,1.362,-3.88991513,-3.88991513,-4.11736234,0.675,14.690542755986796,-4.11736234,original,[Mo][Sb],-0.132
1814.0,1814.0,1814.0,1814.0,5.0,-6.28551309,5.0,1.362,1.362,1082.0,5.0,1.362,5.0,1.362,-6.17209116,-6.17209116,-6.28551309,0.6699999999999999,9.508430230789298,-6.28551309,original,[Mo][Sc],-0.03891
1687.0,1687.0,1687.0,1687.0,5.0,-5.424918005,5.0,1.362,1.362,1209.0,5.0,1.362,5.0,1.362,-4.90201039,-4.90201039,-5.424918005,0.425,4.5154970288105005,-5.424918005,original,[Mo][Si],-0.09983
505.08,505.08,505.08,505.08,5.0,-3.96104709,5.0,1.362,1.362,2390.92,5.0,1.362,5.0,1.362,-3.89492544,-3.89492544,-3.96104709,0.6499999999999999,11.4659045742623,-3.96104709,original,[Mo][Sn],-0.13579
1941.0,1941.0,1941.0,1941.0,5.0,-7.77522712,5.0,1.362,1.362,955.0,5.0,1.362,5.0,1.362,-7.66126811,-7.66126811,-7.77522712,0.6,2.1354364710038,-7.77522712,original,[Mo][Ti],0.01575
577.0,577.0,577.0,577.0,5.0,-2.27267753,5.0,1.362,1.362,2319.0,5.0,1.362,5.0,1.362,-2.25289773,-2.25289773,-2.27267753,1.09,13.1399958731059,-2.27267753,original,[Mo][Tl],-0.31303
2128.0,2128.0,2128.0,2128.0,5.0,-8.545958555,5.0,1.362,1.362,768.0,5.0,1.362,5.0,1.362,-8.46727487,-8.46727487,-8.545958555,0.715,7.7650625813891985,-8.545958555,original,[Mo][Zr],-0.06928
1728.0,1728.0,1728.0,1728.0,2.0,-5.54632457,2.0,1.246,1.246,0.0,2.0,1.246,2.0,1.246,-5.43913904,-5.43913904,-5.54632457,0.69,0.0,-5.54632457,original,[Ni][Ni],0.0
1234.93,1234.93,1234.93,1234.93,2.0,-2.76539356,2.0,1.246,1.246,493.07,2.0,1.246,2.0,1.246,-2.71997917,-2.71997917,-2.76539356,0.92,6.1343635081857,-2.76539356,original,[Ni][Ag],-0.18887
933.47,933.47,933.47,933.47,2.0,-3.74542312,2.0,1.246,1.246,794.53,2.0,1.246,2.0,1.246,-3.65018713,-3.65018713,-3.74542312,0.615,5.653140075804799,-3.74542312,original,[Ni][Al],-0.01661
1337.33,1337.33,1337.33,1337.33,2.0,-3.20969261,2.0,1.246,1.246,390.6700000000001,2.0,1.246,2.0,1.246,-3.18445282,-3.18445282,-3.20969261,0.77,6.005779174775398,-3.20969261,original,[Ni][Au],-0.24525
544.4,544.4,544.4,544.4,2.0,-3.9736944,2.0,1.246,1.246,1183.6,2.0,1.246,2.0,1.246,-3.89538374,-3.89538374,-3.9736944,0.86,24.5421746405013,-3.9736944,original,[Ni][Bi],-0.53152
594.22,594.22,594.22,594.22,2.0,-0.812174225,2.0,1.246,1.246,1133.78,2.0,1.246,2.0,1.246,-0.74033904,-0.74033904,-0.812174225,0.82,10.6387410140899,-0.812174225,original,[Ni][Cd],-0.25802
1768.0,1768.0,1768.0,1768.0,2.0,-7.080389145,2.0,1.246,1.246,40.0,2.0,1.246,2.0,1.246,-6.98008657,-6.98008657,-7.080389145,0.6699999999999999,0.0545762414080996,-7.080389145,original,[Ni][Co],0.11524
2180.0,2180.0,2180.0,2180.0,2.0,-9.50571654,2.0,1.246,1.246,452.0,2.0,1.246,2.0,1.246,-9.50480758,-9.50480758,-9.50571654,0.655,1.1516530321885003,-9.50571654,original,[Ni][Cr],-0.02986
1357.77,1357.77,1357.77,1357.77,2.0,-3.68065482,2.0,1.246,1.246,370.23,2.0,1.246,2.0,1.246,-3.64288728,-3.64288728,-3.68065482,0.71,0.8886574901947988,-3.68065482,original,[Ni][Cu],-0.06858
1811.0,1811.0,1811.0,1811.0,2.0,-8.28548436,2.0,1.246,1.246,83.0,2.0,1.246,2.0,1.246,-8.28548436,-8.28548436,-8.28548436,0.62,0.8360805278371988,-8.28548436,original,[Ni][Fe],-0.01578
302.91,302.91,302.91,302.91,2.0,-3.0122553025,2.0,1.246,1.246,1425.09,2.0,1.246,2.0,1.246,-2.97839076,-2.97839076,-3.0122553025,0.655,8.6692290413773,-3.0122553025,original,[Ni][Ga],-0.07458
1211.4,1211.4,1211.4,1211.4,2.0,-4.616039545,2.0,1.246,1.246,516.5999999999999,2.0,1.246,2.0,1.246,-4.27836489,-4.27836489,-4.616039545,0.61,11.7196919406535,-4.616039545,original,[Ni][Ge],-0.15619
2506.0,2506.0,2506.0,2506.0,2.0,-9.954299335,2.0,1.246,1.246,778.0,2.0,1.246,2.0,1.246,-9.77464936,-9.77464936,-9.954299335,0.76,11.3274267527357,-9.954299335,original,[Ni][Hf],-0.21084
234.32,234.32,234.32,234.32,2.0,-0.250105562414,2.0,1.246,1.246,1493.68,2.0,1.246,2.0,1.246,-0.15983096,-0.15983096,-0.250105562414,0.855,13.6704576279251,-0.250105562414,original,[Ni][Hg],-0.31358
429.75,429.75,429.75,429.75,2.0,-2.66680196,2.0,1.246,1.246,1298.25,2.0,1.246,2.0,1.246,-2.65390512,-2.65390512,-2.66680196,0.745,15.1413737186836,-2.66680196,original,[Ni][In],-0.25042
2739.0,2739.0,2739.0,2739.0,2.0,-8.84851145,2.0,1.246,1.246,1011.0,2.0,1.246,2.0,1.246,-8.22715557,-8.22715557,-8.84851145,0.6599999999999999,3.2072660269076003,-8.84851145,original,[Ni][Ir],0.5026
923.0,923.0,923.0,923.0,2.0,-1.54227231,2.0,1.246,1.246,805.0,2.0,1.246,2.0,1.246,-1.51367083,-1.51367083,-1.54227231,0.705,12.2810086539216,-1.54227231,original,[Ni][Mg],-0.10457
1519.0,1519.0,1519.0,1519.0,2.0,-9.02056525034,2.0,1.246,1.246,209.0,2.0,1.246,2.0,1.246,-8.87041076,-8.87041076,-9.02056525034,0.6799999999999999,1.2714200238934,-9.02056525034,original,[Ni][Mn],-0.01542
2896.0,2896.0,2896.0,2896.0,2.0,-10.84610777,2.0,1.246,1.246,1168.0,2.0,1.246,2.0,1.246,-10.84610777,-10.84610777,-10.84610777,0.6399999999999999,4.5595962460972,-10.84610777,original,[Ni][Mo],0.03511
2750.0,2750.0,2750.0,2750.0,2.0,-10.09332153,2.0,1.246,1.246,1022.0,2.0,1.246,2.0,1.246,-10.09332153,-10.09332153,-10.09332153,0.665,7.060848538611701,-10.09332153,original,[Ni][Nb],-0.08818
3306.0,3306.0,3306.0,3306.0,2.0,-11.22070399,2.0,1.246,1.246,1578.0,2.0,1.246,2.0,1.246,-10.33236566,-10.33236566,-11.22070399,0.6599999999999999,3.0424132263849,-11.22070399,original,[Ni][Os],0.5853
600.61,600.61,600.61,600.61,2.0,-3.62902961,2.0,1.246,1.246,1127.39,2.0,1.246,2.0,1.246,-3.58277457,-3.58277457,-3.62902961,0.94,19.4001385710342,-3.62902961,original,[Ni][Pb],-0.43286
1828.05,1828.05,1828.05,1828.05,2.0,-5.13777457,2.0,1.246,1.246,100.04999999999995,2.0,1.246,2.0,1.246,-5.0910129,-5.0910129,-5.13777457,0.665,3.7571018268586,-5.13777457,original,[Ni][Pd],-0.13837
2041.4,2041.4,2041.4,2041.4,2.0,-6.02850968,2.0,1.246,1.246,313.4000000000001,2.0,1.246,2.0,1.246,-5.92513799,-5.92513799,-6.02850968,0.6599999999999999,4.4191790650291,-6.02850968,original,[Ni][Pt],0.10964
3459.0,3459.0,3459.0,3459.0,2.0,-12.417027765,2.0,1.246,1.246,1731.0,2.0,1.246,2.0,1.246,-12.10177805,-12.10177805,-12.417027765,0.61,3.769049787908399,-12.417027765,original,[Ni][Re],0.50674
2237.0,2237.0,2237.0,2237.0,2.0,-7.25364552,2.0,1.246,1.246,509.0,2.0,1.246,2.0,1.246,-6.90998391,-6.90998391,-7.25364552,0.6799999999999999,2.7842253690423995,-7.25364552,original,[Ni][Rh],0.199
2607.0,2607.0,2607.0,2607.0,2.0,-9.19463357,2.0,1.246,1.246,879.0,2.0,1.246,2.0,1.246,-8.57093238,-8.57093238,-9.19463357,0.655,2.626589967594999,-9.19463357,original,[Ni][Ru],0.25454
388.36,388.36,388.36,388.36,2.0,-4.09721671875,2.0,1.246,1.246,1339.64,2.0,1.246,2.0,1.246,-3.00278915,-3.00278915,-4.09721671875,0.49,16.2252613529661,-4.09721671875,original,[Ni][S],-0.79502
903.78,903.78,903.78,903.78,2.0,-4.11736234,2.0,1.246,1.246,824.22,2.0,1.246,2.0,1.246,-3.88991513,-3.88991513,-4.11736234,0.725,19.250139002084,-4.11736234,original,[Ni][Sb],-0.27711
1814.0,1814.0,1814.0,1814.0,2.0,-6.28551309,2.0,1.246,1.246,86.0,2.0,1.246,2.0,1.246,-6.17209116,-6.17209116,-6.28551309,0.72,14.068026476886498,-6.28551309,original,[Ni][Sc],-0.25421
1687.0,1687.0,1687.0,1687.0,2.0,-5.424918005,2.0,1.246,1.246,41.0,2.0,1.246,2.0,1.246,-4.90201039,-4.90201039,-5.424918005,0.475,9.0750932749077,-5.424918005,original,[Ni][Si],-0.24268
505.08,505.08,505.08,505.08,2.0,-3.96104709,2.0,1.246,1.246,1222.92,2.0,1.246,2.0,1.246,-3.89492544,-3.89492544,-3.96104709,0.7,16.0255008203595,-3.96104709,original,[Ni][Sn],-0.24553
3290.0,3290.0,3290.0,3290.0,2.0,-11.85139954,2.0,1.246,1.246,1562.0,2.0,1.246,2.0,1.246,-11.85139954,-11.85139954,-11.85139954,0.665,7.105445117478798,-11.85139954,original,[Ni][Ta],-0.0961
2430.0,2430.0,2430.0,2430.0,2.0,-10.355151195,2.0,1.246,1.246,702.0,2.0,1.246,2.0,1.246,-10.09176138,-10.09176138,-10.355151195,0.625,3.2097270668216,-10.355151195,original,[Ni][Tc],0.18748
1941.0,1941.0,1941.0,1941.0,2.0,-7.77522712,2.0,1.246,1.246,213.0,2.0,1.246,2.0,1.246,-7.66126811,-7.66126811,-7.77522712,0.6499999999999999,6.695032717101,-7.77522712,original,[Ni][Ti],-0.03497
577.0,577.0,577.0,577.0,2.0,-2.27267753,2.0,1.246,1.246,1151.0,2.0,1.246,2.0,1.246,-2.25289773,-2.25289773,-2.27267753,1.14,17.6995921192031,-2.27267753,original,[Ni][Tl],-0.38005
2183.0,2183.0,2183.0,2183.0,2.0,-8.93926069,2.0,1.246,1.246,455.0,2.0,1.246,2.0,1.246,-8.93926069,-8.93926069,-8.93926069,0.615,2.9036137792751,-8.93926069,original,[Ni][V],-0.00307
3695.0,3695.0,3695.0,3695.0,2.0,-12.95880062,2.0,1.246,1.246,1967.0,2.0,1.246,2.0,1.246,-12.95880062,-12.95880062,-12.95880062,0.645,4.91744998229,-12.95880062,original,[Ni][W],0.24398
692.68,692.68,692.68,692.68,2.0,-1.239999915,2.0,1.246,1.246,1035.3200000000002,2.0,1.246,2.0,1.246,-1.1570915,-1.1570915,-1.239999915,0.715,4.2643992930974,-1.239999915,original,[Ni][Zn],-0.05668
2128.0,2128.0,2128.0,2128.0,2.0,-8.545958555,2.0,1.246,1.246,400.0,2.0,1.246,2.0,1.246,-8.46727487,-8.46727487,-8.545958555,0.7649999999999999,12.3246588274864,-8.545958555,original,[Ni][Zr],-0.30565
600.61,600.61,600.61,600.61,0.0,-3.62902961,0.0,1.75,1.75,0.0,0.0,1.75,0.0,1.75,-3.58277457,-3.58277457,-3.62902961,1.19,0.0,-3.62902961,original,[Pb][Pb],0.0
1234.93,1234.93,1234.93,1234.93,0.0,-2.76539356,0.0,1.75,1.75,634.32,0.0,1.75,0.0,1.75,-2.71997917,-2.71997917,-2.76539356,1.17,13.265775062848498,-2.76539356,original,[Pb][Ag],-0.26199
594.22,594.22,594.22,594.22,0.0,-0.812174225,0.0,1.75,1.75,6.389999999999986,0.0,1.75,0.0,1.75,-0.74033904,-0.74033904,-0.812174225,1.0699999999999998,8.7613975569443,-0.812174225,original,[Pb][Cd],-0.13192
2896.0,2896.0,2896.0,2896.0,0.0,-10.84610777,0.0,1.75,1.75,2295.39,0.0,1.75,0.0,1.75,-10.84610777,-10.84610777,-10.84610777,0.8899999999999999,14.840542324936996,-10.84610777,original,[Pb][Mo],0.5364
2750.0,2750.0,2750.0,2750.0,0.0,-10.09332153,0.0,1.75,1.75,2149.39,0.0,1.75,0.0,1.75,-10.09332153,-10.09332153,-10.09332153,0.915,12.339290032422497,-10.09332153,original,[Pb][Nb],0.5915
1828.05,1828.05,1828.05,1828.05,0.0,-5.13777457,0.0,1.75,1.75,1227.44,0.0,1.75,0.0,1.75,-5.0910129,-5.0910129,-5.13777457,0.915,15.643036744175598,-5.13777457,original,[Pb][Pd],-0.20521
1799.0,1799.0,1799.0,1799.0,0.0,-6.464599775,0.0,1.75,1.75,1198.39,0.0,1.75,0.0,1.75,-6.34029752,-6.34029752,-6.464599775,1.105,2.671789869780305,-6.464599775,original,[Pb][Y],0.20792
2128.0,2128.0,2128.0,2128.0,0.0,-8.545958555,0.0,1.75,1.75,1527.39,0.0,1.75,0.0,1.75,-8.46727487,-8.46727487,-8.545958555,1.015,7.075479743547799,-8.545958555,original,[Pb][Zr],0.5098
1828.05,1828.05,1828.05,1828.05,0.0,-5.13777457,0.0,1.375,1.375,0.0,0.0,1.375,0.0,1.375,-5.0910129,-5.0910129,-5.13777457,0.64,0.0,-5.13777457,original,[Pd][Pd],0.0
1234.93,1234.93,1234.93,1234.93,0.0,-2.76539356,0.0,1.375,1.375,593.1199999999999,0.0,1.375,0.0,1.375,-2.71997917,-2.71997917,-2.76539356,0.895,2.3772616813271004,-2.76539356,original,[Pd][Ag],-0.10974
1337.33,1337.33,1337.33,1337.33,0.0,-3.20969261,0.0,1.375,1.375,490.72,0.0,1.375,0.0,1.375,-3.18445282,-3.18445282,-3.20969261,0.745,2.2486773479167983,-3.20969261,original,[Pd][Au],-0.11745
594.22,594.22,594.22,594.22,0.0,-0.812174225,0.0,1.375,1.375,1233.83,0.0,1.375,0.0,1.375,-0.74033904,-0.74033904,-0.812174225,0.7949999999999999,6.881639187231299,-0.812174225,original,[Pd][Cd],-0.16826
1768.0,1768.0,1768.0,1768.0,0.0,-7.080389145,0.0,1.375,1.375,60.04999999999996,0.0,1.375,0.0,1.375,-6.98008657,-6.98008657,-7.080389145,0.645,3.7025255854505,-7.080389145,original,[Pd][Co],-0.00183
2180.0,2180.0,2180.0,2180.0,0.0,-9.50571654,0.0,1.375,1.375,351.95000000000005,0.0,1.375,0.0,1.375,-9.50480758,-9.50480758,-9.50571654,0.63,2.6054487946700995,-9.50571654,original,[Pd][Cr],0.49451
1357.77,1357.77,1357.77,1357.77,0.0,-3.68065482,0.0,1.375,1.375,470.28,0.0,1.375,0.0,1.375,-3.64288728,-3.64288728,-3.68065482,0.685,2.868444336663801,-3.68065482,original,[Pd][Cu],-0.11032
1811.0,1811.0,1811.0,1811.0,0.0,-8.28548436,0.0,1.375,1.375,17.049999999999955,0.0,1.375,0.0,1.375,-8.28548436,-8.28548436,-8.28548436,0.595,2.921021299021401,-8.28548436,original,[Pd][Fe],0.17347
2506.0,2506.0,2506.0,2506.0,0.0,-9.954299335,0.0,1.375,1.375,677.95,0.0,1.375,0.0,1.375,-9.77464936,-9.77464936,-9.954299335,0.735,7.570324925877101,-9.954299335,original,[Pd][Hf],0.24061
234.32,234.32,234.32,234.32,0.0,-0.250105562414,0.0,1.375,1.375,1593.73,0.0,1.375,0.0,1.375,-0.15983096,-0.15983096,-0.250105562414,0.8300000000000001,9.9133558010665,-0.250105562414,original,[Pd][Hg],-0.2697
2739.0,2739.0,2739.0,2739.0,0.0,-8.84851145,0.0,1.375,1.375,910.95,0.0,1.375,0.0,1.375,-8.22715557,-8.22715557,-8.84851145,0.635,0.5498357999509995,-8.84851145,original,[Pd][Ir],0.54273
1193.0,1193.0,1193.0,1193.0,0.0,-4.927546185,0.0,1.375,1.375,635.05,0.0,1.375,0.0,1.375,-4.79586452,-4.79586452,-4.927546185,0.8999999999999999,22.8322598502394,-4.927546185,original,[Pd][La],-0.93933
1519.0,1519.0,1519.0,1519.0,0.0,-9.02056525034,0.0,1.375,1.375,309.04999999999995,0.0,1.375,0.0,1.375,-8.87041076,-8.87041076,-9.02056525034,0.655,2.4856818029652,-9.02056525034,original,[Pd][Mn],0.34327
2896.0,2896.0,2896.0,2896.0,0.0,-10.84610777,0.0,1.375,1.375,1067.95,0.0,1.375,0.0,1.375,-10.84610777,-10.84610777,-10.84610777,0.615,0.8024944192386005,-10.84610777,original,[Pd][Mo],1.02103
2750.0,2750.0,2750.0,2750.0,0.0,-10.09332153,0.0,1.375,1.375,921.95,0.0,1.375,0.0,1.375,-10.09332153,-10.09332153,-10.09332153,0.64,3.303746711753101,-10.09332153,original,[Pd][Nb],0.69444
1728.0,1728.0,1728.0,1728.0,0.0,-5.54632457,0.0,1.375,1.375,100.04999999999995,0.0,1.375,0.0,1.375,-5.43913904,-5.43913904,-5.54632457,0.665,3.7571018268586,-5.54632457,original,[Pd][Ni],-0.13289
3306.0,3306.0,3306.0,3306.0,0.0,-11.22070399,0.0,1.375,1.375,1477.95,0.0,1.375,0.0,1.375,-10.33236566,-10.33236566,-11.22070399,0.635,0.7146886004736999,-11.22070399,original,[Pd][Os],0.94698
2041.4,2041.4,2041.4,2041.4,0.0,-6.02850968,0.0,1.375,1.375,213.3500000000001,0.0,1.375,0.0,1.375,-5.92513799,-5.92513799,-6.02850968,0.635,0.6620772381705002,-6.02850968,original,[Pd][Pt],0.16814
3459.0,3459.0,3459.0,3459.0,0.0,-12.417027765,0.0,1.375,1.375,1630.95,0.0,1.375,0.0,1.375,-12.10177805,-12.10177805,-12.417027765,0.585,0.011947961049799,-12.417027765,original,[Pd][Re],1.26257
2237.0,2237.0,2237.0,2237.0,0.0,-7.25364552,0.0,1.375,1.375,408.9500000000001,0.0,1.375,0.0,1.375,-6.90998391,-6.90998391,-7.25364552,0.655,0.9728764578162004,-7.25364552,original,[Pd][Rh],0.26592
2607.0,2607.0,2607.0,2607.0,0.0,-9.19463357,0.0,1.375,1.375,778.95,0.0,1.375,0.0,1.375,-8.57093238,-8.57093238,-9.19463357,0.63,1.130511859263601,-9.19463357,original,[Pd][Ru],0.60024
1814.0,1814.0,1814.0,1814.0,0.0,-6.28551309,0.0,1.375,1.375,14.049999999999956,0.0,1.375,0.0,1.375,-6.17209116,-6.17209116,-6.28551309,0.6950000000000001,10.310924650027898,-6.28551309,original,[Pd][Sc],0.01782
3290.0,3290.0,3290.0,3290.0,0.0,-11.85139954,0.0,1.375,1.375,1461.95,0.0,1.375,0.0,1.375,-11.85139954,-11.85139954,-11.85139954,0.64,3.348343290620198,-11.85139954,original,[Pd][Ta],0.8232
2430.0,2430.0,2430.0,2430.0,0.0,-10.355151195,0.0,1.375,1.375,601.95,0.0,1.375,0.0,1.375,-10.09176138,-10.09176138,-10.355151195,0.6000000000000001,0.547374760037,-10.355151195,original,[Pd][Tc],0.92399
1941.0,1941.0,1941.0,1941.0,0.0,-7.77522712,0.0,1.375,1.375,112.95000000000005,0.0,1.375,0.0,1.375,-7.66126811,-7.66126811,-7.77522712,0.625,2.9379308902424004,-7.77522712,original,[Pd][Ti],0.1797
2183.0,2183.0,2183.0,2183.0,0.0,-8.93926069,0.0,1.375,1.375,354.95000000000005,0.0,1.375,0.0,1.375,-8.93926069,-8.93926069,-8.93926069,0.5900000000000001,0.8534880475835003,-8.93926069,original,[Pd][V],0.48415
3695.0,3695.0,3695.0,3695.0,0.0,-12.95880062,0.0,1.375,1.375,1866.95,0.0,1.375,0.0,1.375,-12.95880062,-12.95880062,-12.95880062,0.62,1.1603481554314,-12.95880062,original,[Pd][W],1.23976
1799.0,1799.0,1799.0,1799.0,0.0,-6.464599775,0.0,1.375,1.375,29.049999999999955,0.0,1.375,0.0,1.375,-6.34029752,-6.34029752,-6.464599775,0.8300000000000001,18.3148266139559,-6.464599775,original,[Pd][Y],-0.32477
692.68,692.68,692.68,692.68,0.0,-1.239999915,0.0,1.375,1.375,1135.37,0.0,1.375,0.0,1.375,-1.1570915,-1.1570915,-1.239999915,0.69,0.5072974662387999,-1.239999915,original,[Pd][Zn],-0.11153
2128.0,2128.0,2128.0,2128.0,0.0,-8.545958555,0.0,1.375,1.375,299.95000000000005,0.0,1.375,0.0,1.375,-8.46727487,-8.46727487,-8.545958555,0.74,8.567557000627799,-8.545958555,original,[Pd][Zr],0.10824
2041.4,2041.4,2041.4,2041.4,1.0,-6.02850968,1.0,1.38,1.38,0.0,1.0,1.38,1.0,1.38,-5.92513799,-5.92513799,-6.02850968,0.63,0.0,-6.02850968,original,[Pt][Pt],0.0
1234.93,1234.93,1234.93,1234.93,1.0,-2.76539356,1.0,1.38,1.38,806.47,1.0,1.38,1.0,1.38,-2.71997917,-2.71997917,-2.76539356,0.8899999999999999,1.7151844431566,-2.76539356,original,[Pt][Ag],0.02848
1337.33,1337.33,1337.33,1337.33,1.0,-3.20969261,1.0,1.38,1.38,704.0700000000002,1.0,1.38,1.0,1.38,-3.18445282,-3.18445282,-3.20969261,0.74,1.586600109746298,-3.20969261,original,[Pt][Au],-0.0845
594.22,594.22,594.22,594.22,1.0,-0.812174225,1.0,1.38,1.38,1447.18,1.0,1.38,1.0,1.38,-0.74033904,-0.74033904,-0.812174225,0.79,6.219561949060799,-0.812174225,original,[Pt][Cd],-0.07759
1768.0,1768.0,1768.0,1768.0,1.0,-7.080389145,1.0,1.38,1.38,273.4000000000001,1.0,1.38,1.0,1.38,-6.98008657,-6.98008657,-7.080389145,0.64,4.364602823621,-7.080389145,original,[Pt][Co],-0.11819
2180.0,2180.0,2180.0,2180.0,1.0,-9.50571654,1.0,1.38,1.38,138.5999999999999,1.0,1.38,1.0,1.38,-9.50480758,-9.50480758,-9.50571654,0.625,3.2675260328406,-9.50571654,original,[Pt][Cr],0.60181
1357.77,1357.77,1357.77,1357.77,1.0,-3.68065482,1.0,1.38,1.38,683.6300000000001,1.0,1.38,1.0,1.38,-3.64288728,-3.64288728,-3.68065482,0.6799999999999999,3.5305215748343013,-3.68065482,original,[Pt][Cu],0.10523
1811.0,1811.0,1811.0,1811.0,1.0,-8.28548436,1.0,1.38,1.38,230.4000000000001,1.0,1.38,1.0,1.38,-8.28548436,-8.28548436,-8.28548436,0.5900000000000001,3.5830985371919013,-8.28548436,original,[Pt][Fe],0.11762
2506.0,2506.0,2506.0,2506.0,1.0,-9.954299335,1.0,1.38,1.38,464.5999999999999,1.0,1.38,1.0,1.38,-9.77464936,-9.77464936,-9.954299335,0.73,6.9082476877066,-9.954299335,original,[Pt][Hf],0.42261
234.32,234.32,234.32,234.32,1.0,-0.250105562414,1.0,1.38,1.38,1807.08,1.0,1.38,1.0,1.38,-0.15983096,-0.15983096,-0.250105562414,0.825,9.251278562896,-0.250105562414,original,[Pt][Hg],-0.22643
2739.0,2739.0,2739.0,2739.0,1.0,-8.84851145,1.0,1.38,1.38,697.5999999999999,1.0,1.38,1.0,1.38,-8.22715557,-8.22715557,-8.84851145,0.63,1.2119130381214998,-8.84851145,original,[Pt][Ir],0.45628
1193.0,1193.0,1193.0,1193.0,1.0,-4.927546185,1.0,1.38,1.38,848.4000000000001,1.0,1.38,1.0,1.38,-4.79586452,-4.79586452,-4.927546185,0.895,22.1701826120689,-4.927546185,original,[Pt][La],-0.59931
1519.0,1519.0,1519.0,1519.0,1.0,-9.02056525034,1.0,1.38,1.38,522.4000000000001,1.0,1.38,1.0,1.38,-8.87041076,-8.87041076,-9.02056525034,0.65,3.1477590411357,-9.02056525034,original,[Pt][Mn],0.36775
2896.0,2896.0,2896.0,2896.0,1.0,-10.84610777,1.0,1.38,1.38,854.5999999999999,1.0,1.38,1.0,1.38,-10.84610777,-10.84610777,-10.84610777,0.61,0.1404171810681003,-10.84610777,original,[Pt][Mo],1.29171
2750.0,2750.0,2750.0,2750.0,1.0,-10.09332153,1.0,1.38,1.38,708.5999999999999,1.0,1.38,1.0,1.38,-10.09332153,-10.09332153,-10.09332153,0.635,2.641669473582601,-10.09332153,original,[Pt][Nb],0.96632
1728.0,1728.0,1728.0,1728.0,1.0,-5.54632457,1.0,1.38,1.38,313.4000000000001,1.0,1.38,1.0,1.38,-5.43913904,-5.43913904,-5.54632457,0.6599999999999999,4.4191790650291,-5.54632457,original,[Pt][Ni],-0.11616
3306.0,3306.0,3306.0,3306.0,1.0,-11.22070399,1.0,1.38,1.38,1264.6,1.0,1.38,1.0,1.38,-10.33236566,-10.33236566,-11.22070399,0.63,1.3767658386442,-11.22070399,original,[Pt][Os],0.97817
1828.05,1828.05,1828.05,1828.05,1.0,-5.13777457,1.0,1.38,1.38,213.3500000000001,1.0,1.38,1.0,1.38,-5.0910129,-5.0910129,-5.13777457,0.635,0.6620772381705002,-5.13777457,original,[Pt][Pd],0.0361
3459.0,3459.0,3459.0,3459.0,1.0,-12.417027765,1.0,1.38,1.38,1417.6,1.0,1.38,1.0,1.38,-12.10177805,-12.10177805,-12.417027765,0.5800000000000001,0.6501292771207012,-12.417027765,original,[Pt][Re],1.43625
2237.0,2237.0,2237.0,2237.0,1.0,-7.25364552,1.0,1.38,1.38,195.5999999999999,1.0,1.38,1.0,1.38,-6.90998391,-6.90998391,-7.25364552,0.65,1.6349536959867006,-7.25364552,original,[Pt][Rh],0.21602
2607.0,2607.0,2607.0,2607.0,1.0,-9.19463357,1.0,1.38,1.38,565.5999999999999,1.0,1.38,1.0,1.38,-8.57093238,-8.57093238,-9.19463357,0.625,1.7925890974341012,-9.19463357,original,[Pt][Ru],0.64922
1814.0,1814.0,1814.0,1814.0,1.0,-6.28551309,1.0,1.38,1.38,227.4000000000001,1.0,1.38,1.0,1.38,-6.17209116,-6.17209116,-6.28551309,0.69,9.648847411857398,-6.28551309,original,[Pt][Sc],0.17479
3290.0,3290.0,3290.0,3290.0,1.0,-11.85139954,1.0,1.38,1.38,1248.6,1.0,1.38,1.0,1.38,-11.85139954,-11.85139954,-11.85139954,0.635,2.6862660524496977,-11.85139954,original,[Pt][Ta],1.07325
2430.0,2430.0,2430.0,2430.0,1.0,-10.355151195,1.0,1.38,1.38,388.5999999999999,1.0,1.38,1.0,1.38,-10.09176138,-10.09176138,-10.355151195,0.595,1.2094519982075005,-10.355151195,original,[Pt][Tc],1.10622
1941.0,1941.0,1941.0,1941.0,1.0,-7.77522712,1.0,1.38,1.38,100.40000000000008,1.0,1.38,1.0,1.38,-7.66126811,-7.66126811,-7.77522712,0.62,2.2758536520719,-7.77522712,original,[Pt][Ti],0.37967
2183.0,2183.0,2183.0,2183.0,1.0,-8.93926069,1.0,1.38,1.38,141.5999999999999,1.0,1.38,1.0,1.38,-8.93926069,-8.93926069,-8.93926069,0.585,1.5155652857540003,-8.93926069,original,[Pt][V],0.66033
3695.0,3695.0,3695.0,3695.0,1.0,-12.95880062,1.0,1.38,1.38,1653.6,1.0,1.38,1.0,1.38,-12.95880062,-12.95880062,-12.95880062,0.615,0.4982709172608999,-12.95880062,original,[Pt][W],1.49513
1799.0,1799.0,1799.0,1799.0,1.0,-6.464599775,1.0,1.38,1.38,242.4000000000001,1.0,1.38,1.0,1.38,-6.34029752,-6.34029752,-6.464599775,0.825,17.652749375785405,-6.464599775,original,[Pt][Y],-0.35815
692.68,692.68,692.68,692.68,1.0,-1.239999915,1.0,1.38,1.38,1348.7200000000005,1.0,1.38,1.0,1.38,-1.1570915,-1.1570915,-1.239999915,0.685,0.1547797719317003,-1.239999915,original,[Pt][Zn],0.12776
2128.0,2128.0,2128.0,2128.0,1.0,-8.545958555,1.0,1.38,1.38,86.59999999999991,1.0,1.38,1.0,1.38,-8.46727487,-8.46727487,-8.545958555,0.735,7.905479762457299,-8.545958555,original,[Pt][Zr],0.26418
3695.0,3695.0,3695.0,3695.0,6.0,-12.95880062,6.0,1.37,1.37,0.0,6.0,1.37,6.0,1.37,-12.95880062,-12.95880062,-12.95880062,0.6,0.0,-12.95880062,original,[W][W],0.0
1234.93,1234.93,1234.93,1234.93,6.0,-2.76539356,6.0,1.37,1.37,2460.07,6.0,1.37,6.0,1.37,-2.71997917,-2.71997917,-2.76539356,0.875,1.2169135258957002,-2.76539356,original,[W][Ag],-0.43404
933.47,933.47,933.47,933.47,6.0,-3.74542312,6.0,1.37,1.37,2761.53,6.0,1.37,6.0,1.37,-3.65018713,-3.65018713,-3.74542312,0.5700000000000001,0.7356900935147994,-3.74542312,original,[W][Al],0.0209
1090.0,1090.0,1090.0,1090.0,6.0,-4.650889115,6.0,1.37,1.37,2605.0,6.0,1.37,6.0,1.37,-4.21496399,-4.21496399,-4.650889115,0.59,5.865231313182898,-4.650889115,original,[W][As],-0.22693
1337.33,1337.33,1337.33,1337.33,6.0,-3.20969261,6.0,1.37,1.37,2357.67,6.0,1.37,6.0,1.37,-3.18445282,-3.18445282,-3.20969261,0.725,1.0883291924853982,-3.20969261,original,[W][Au],-0.66406
1115.0,1115.0,1115.0,1115.0,6.0,-1.948329565,6.0,1.37,1.37,2580.0,6.0,1.37,6.0,1.37,-1.92725921,-1.92725921,-1.948329565,0.8,27.078452878476497,-1.948329565,original,[W][Ca],-0.28174
594.22,594.22,594.22,594.22,6.0,-0.812174225,6.0,1.37,1.37,3100.78,6.0,1.37,6.0,1.37,-0.74033904,-0.74033904,-0.812174225,0.7749999999999999,5.721291031799899,-0.812174225,original,[W][Cd],-0.3253
1768.0,1768.0,1768.0,1768.0,6.0,-7.080389145,6.0,1.37,1.37,1927.0,6.0,1.37,6.0,1.37,-6.98008657,-6.98008657,-7.080389145,0.625,4.8628737408819,-7.080389145,original,[W][Co],-0.50684
2180.0,2180.0,2180.0,2180.0,6.0,-9.50571654,6.0,1.37,1.37,1515.0,6.0,1.37,6.0,1.37,-9.50480758,-9.50480758,-9.50571654,0.61,3.7657969501015,-9.50571654,original,[W][Cr],-0.14925
1357.77,1357.77,1357.77,1357.77,6.0,-3.68065482,6.0,1.37,1.37,2337.23,6.0,1.37,6.0,1.37,-3.64288728,-3.64288728,-3.68065482,0.665,4.028792492095201,-3.68065482,original,[W][Cu],-0.18416
1811.0,1811.0,1811.0,1811.0,6.0,-8.28548436,6.0,1.37,1.37,1884.0,6.0,1.37,6.0,1.37,-8.28548436,-8.28548436,-8.28548436,0.575,4.081369454452801,-8.28548436,original,[W][Fe],-0.74318
302.91,302.91,302.91,302.91,6.0,-3.0122553025,6.0,1.37,1.37,3392.09,6.0,1.37,6.0,1.37,-2.97839076,-2.97839076,-3.0122553025,0.61,3.7517790590873,-3.0122553025,original,[W][Ga],-0.05621
1211.4,1211.4,1211.4,1211.4,6.0,-4.616039545,6.0,1.37,1.37,2483.6,6.0,1.37,6.0,1.37,-4.27836489,-4.27836489,-4.616039545,0.565,6.802241958363501,-4.616039545,original,[W][Ge],-0.12059
2506.0,2506.0,2506.0,2506.0,6.0,-9.954299335,6.0,1.37,1.37,1189.0,6.0,1.37,6.0,1.37,-9.77464936,-9.77464936,-9.954299335,0.715,6.4099767704457005,-9.954299335,original,[W][Hf],-0.0434
234.32,234.32,234.32,234.32,6.0,-0.250105562414,6.0,1.37,1.37,3460.68,6.0,1.37,6.0,1.37,-0.15983096,-0.15983096,-0.250105562414,0.81,8.7530076456351,-0.250105562414,original,[W][Hg],-0.49007
429.75,429.75,429.75,429.75,6.0,-2.66680196,6.0,1.37,1.37,3265.25,6.0,1.37,6.0,1.37,-2.65390512,-2.65390512,-2.66680196,0.7,10.2239237363936,-2.66680196,original,[W][In],-0.22474
923.0,923.0,923.0,923.0,6.0,-1.54227231,6.0,1.37,1.37,2772.0,6.0,1.37,6.0,1.37,-1.51367083,-1.51367083,-1.54227231,0.6599999999999999,7.363558671631599,-1.54227231,original,[W][Mg],-0.088
1519.0,1519.0,1519.0,1519.0,6.0,-9.02056525034,6.0,1.37,1.37,2176.0,6.0,1.37,6.0,1.37,-8.87041076,-8.87041076,-9.02056525034,0.635,3.6460299583966,-9.02056525034,original,[W][Mn],-0.37682
2896.0,2896.0,2896.0,2896.0,6.0,-10.84610777,6.0,1.37,1.37,799.0,6.0,1.37,6.0,1.37,-10.84610777,-10.84610777,-10.84610777,0.595,0.3578537361927996,-10.84610777,original,[W][Mo],-0.11694
1728.0,1728.0,1728.0,1728.0,6.0,-5.54632457,6.0,1.37,1.37,1967.0,6.0,1.37,6.0,1.37,-5.43913904,-5.43913904,-5.54632457,0.645,4.91744998229,-5.54632457,original,[W][Ni],-0.37631
317.3,317.3,317.3,317.3,6.0,-5.4005090425,6.0,1.37,1.37,3377.7,6.0,1.37,6.0,1.37,-4.6830362,-4.6830362,-5.4005090425,0.385,12.3553873926461,-5.4005090425,original,[W][P],-0.30898
1828.05,1828.05,1828.05,1828.05,6.0,-5.13777457,6.0,1.37,1.37,1866.95,6.0,1.37,6.0,1.37,-5.0910129,-5.0910129,-5.13777457,0.62,1.1603481554314,-5.13777457,original,[W][Pd],-0.55582
2041.4,2041.4,2041.4,2041.4,6.0,-6.02850968,6.0,1.37,1.37,1653.6,6.0,1.37,6.0,1.37,-5.92513799,-5.92513799,-6.02850968,0.615,0.4982709172608999,-6.02850968,original,[W][Pt],-0.76508
2237.0,2237.0,2237.0,2237.0,6.0,-7.25364552,6.0,1.37,1.37,1458.0,6.0,1.37,6.0,1.37,-6.90998391,-6.90998391,-7.25364552,0.635,2.1332246132476005,-7.25364552,original,[W][Rh],-0.62
2607.0,2607.0,2607.0,2607.0,6.0,-9.19463357,6.0,1.37,1.37,1088.0,6.0,1.37,6.0,1.37,-8.57093238,-8.57093238,-9.19463357,0.61,2.290860014695001,-9.19463357,original,[W][Ru],-0.5365
1814.0,1814.0,1814.0,1814.0,6.0,-6.28551309,6.0,1.37,1.37,1881.0,6.0,1.37,6.0,1.37,-6.17209116,-6.17209116,-6.28551309,0.675,9.150576494596498,-6.28551309,original,[W][Sc],-0.02988
1687.0,1687.0,1687.0,1687.0,6.0,-5.424918005,6.0,1.37,1.37,2008.0,6.0,1.37,6.0,1.37,-4.90201039,-4.90201039,-5.424918005,0.43,4.157643292617701,-5.424918005,original,[W][Si],-0.10383
1050.0,1050.0,1050.0,1050.0,6.0,-1.6828136,6.0,1.37,1.37,2645.0,6.0,1.37,6.0,1.37,-1.67793991,-1.67793991,-1.6828136,0.93,39.4643963525113,-1.6828136,original,[W][Sr],-0.50427
577.0,577.0,577.0,577.0,6.0,-2.27267753,6.0,1.37,1.37,3118.0,6.0,1.37,6.0,1.37,-2.25289773,-2.25289773,-2.27267753,1.095,12.7821421369131,-2.27267753,original,[W][Tl],-0.40474
2183.0,2183.0,2183.0,2183.0,6.0,-8.93926069,6.0,1.37,1.37,1512.0,6.0,1.37,6.0,1.37,-8.93926069,-8.93926069,-8.93926069,0.5700000000000001,2.0138362030149004,-8.93926069,original,[W][V],0.02281
1799.0,1799.0,1799.0,1799.0,6.0,-6.464599775,6.0,1.37,1.37,1896.0,6.0,1.37,6.0,1.37,-6.34029752,-6.34029752,-6.464599775,0.81,17.1544784585245,-6.464599775,original,[W][Y],-0.23029
692.68,692.68,692.68,692.68,6.0,-1.239999915,6.0,1.37,1.37,3002.32,6.0,1.37,6.0,1.37,-1.1570915,-1.1570915,-1.239999915,0.6699999999999999,0.6530506891926002,-1.239999915,original,[W][Zn],-0.08791
2128.0,2128.0,2128.0,2128.0,6.0,-8.545958555,6.0,1.37,1.37,1567.0,6.0,1.37,6.0,1.37,-8.46727487,-8.46727487,-8.545958555,0.72,7.407208845196399,-8.545958555,original,[W][Zr],-0.06838
2128.0,2128.0,2128.0,2128.0,8.0,-8.545958555,8.0,1.6,1.6,0.0,8.0,1.6,8.0,1.6,-8.46727487,-8.46727487,-8.545958555,0.84,0.0,-8.545958555,original,[Zr][Zr],0.0
2180.0,2180.0,2180.0,2180.0,8.0,-9.50571654,8.0,1.6,1.6,52.0,8.0,1.6,8.0,1.6,-9.50480758,-9.50480758,-9.50571654,0.73,11.1730057952979,-9.50571654,original,[Zr][Cr],-0.14469
1357.77,1357.77,1357.77,1357.77,8.0,-3.68065482,8.0,1.6,1.6,770.23,8.0,1.6,8.0,1.6,-3.64288728,-3.64288728,-3.68065482,0.7849999999999999,11.4360013372916,-3.68065482,original,[Zr][Cu],0.16682
2183.0,2183.0,2183.0,2183.0,8.0,-8.93926069,8.0,1.6,1.6,55.0,8.0,1.6,8.0,1.6,-8.93926069,-8.93926069,-8.93926069,0.69,9.4210450482113,-8.93926069,original,[Zr][V],0.16517
692.68,692.68,692.68,692.68,8.0,-1.239999915,8.0,1.6,1.6,1435.3200000000002,8.0,1.6,8.0,1.6,-1.1570915,-1.1570915,-1.239999915,0.79,8.060259534389,-1.239999915,original,[Zr][Zn],0.20757
2896.0,2896.0,2896.0,2896.0,8.0,-10.84610777,8.0,1.6,1.6,768.0,8.0,1.6,8.0,1.6,-10.84610777,-10.84610777,-10.84610777,0.715,7.7650625813891985,-10.84610777,original,[Zr][Mo],-0.29322
3695.0,3695.0,3695.0,3695.0,8.0,-12.95880062,8.0,1.6,1.6,1567.0,8.0,1.6,8.0,1.6,-12.95880062,-12.95880062,-12.95880062,0.72,7.407208845196399,-12.95880062,original,[Zr][W],-0.02454
933.47,933.47,933.47,933.47,8.0,-3.74542312,8.0,1.6,1.6,1194.53,8.0,1.6,8.0,1.6,-3.65018713,-3.65018713,-3.74542312,0.69,6.6715187516816,-3.74542312,original,[Zr][Al],0.49792
1337.33,1337.33,1337.33,1337.33,8.0,-3.20969261,8.0,1.6,1.6,790.6700000000001,8.0,1.6,8.0,1.6,-3.18445282,-3.18445282,-3.20969261,0.845,6.318879652711001,-3.20969261,original,[Zr][Au],0.13545
1234.93,1234.93,1234.93,1234.93,8.0,-2.76539356,8.0,1.6,1.6,893.0699999999999,8.0,1.6,8.0,1.6,-2.71997917,-2.71997917,-2.76539356,0.995,6.190295319300699,-2.76539356,original,[Zr][Ag],0.12935
2750.0,2750.0,2750.0,2750.0,8.0,-10.09332153,8.0,1.6,1.6,622.0,8.0,1.6,8.0,1.6,-10.09332153,-10.09332153,-10.09332153,0.74,5.263810288874698,-10.09332153,original,[Zr][Nb],-0.06702
3290.0,3290.0,3290.0,3290.0,8.0,-11.85139954,8.0,1.6,1.6,1162.0,8.0,1.6,8.0,1.6,-11.85139954,-11.85139954,-11.85139954,0.74,5.219213710007601,-11.85139954,original,[Zr][Ta],0.15385
1941.0,1941.0,1941.0,1941.0,8.0,-7.77522712,8.0,1.6,1.6,187.0,8.0,1.6,8.0,1.6,-7.66126811,-7.66126811,-7.77522712,0.725,5.629626110385399,-7.77522712,original,[Zr][Ti],0.24811
2506.0,2506.0,2506.0,2506.0,8.0,-9.954299335,8.0,1.6,1.6,378.0,8.0,1.6,8.0,1.6,-9.77464936,-9.77464936,-9.954299335,0.835,0.9972320747506984,-9.954299335,original,[Zr][Hf],0.20414
505.08,505.08,505.08,505.08,8.0,-3.96104709,8.0,1.6,1.6,1622.92,8.0,1.6,8.0,1.6,-3.89492544,-3.89492544,-3.96104709,0.7749999999999999,3.7008419928731016,-3.96104709,original,[Zr][Sn],0.24804
